id,url,subreddit,author,title,text,created_utc,language,risk_score,risk_label,risk_explanation,risk_features
1p74vsz,https://old.reddit.com/r/news/comments/1p74vsz/exclusive_us_peace_plan_for_ukraine_drew_from/,news,Routine_Soup2022,"Exclusive: US peace plan for Ukraine drew from Russian document, sources say","Exclusive: US peace plan for Ukraine drew from Russian document, sources say",1764154741.0,en,0.0,low,language=en; score=0.00 (low); no explicit harmful keywords,"{""violent"": 0.0, ""hate"": 0.0, ""keyword_density"": 0.0, ""intensifiers"": 0.0, ""threat"": 0.0, ""all_caps"": 0.0}"
1p73r2e,https://old.reddit.com/r/news/comments/1p73r2e/us_triples_national_park_fee_for_nonresidents/,news,flyingchocolatecake,"US triples national park fee for non-residents, amid ‘new’ fee for Americans","US triples national park fee for non-residents, amid ‘new’ fee for Americans",1764150524.0,en,0.0,low,language=en; score=0.00 (low); no explicit harmful keywords,"{""violent"": 0.0, ""hate"": 0.0, ""keyword_density"": 0.0, ""intensifiers"": 0.0, ""threat"": 0.0, ""all_caps"": 0.0}"
1p6sg1i,https://old.reddit.com/r/news/comments/1p6sg1i/campbells_exec_on_leave_after_allegedly_mocking/,news,infinus5,Campbell's exec on leave after allegedly mocking 'poor people' who eat its soup,Campbell's exec on leave after allegedly mocking 'poor people' who eat its soup,1764114345.0,en,0.0,low,language=en; score=0.00 (low); no explicit harmful keywords,"{""violent"": 0.0, ""hate"": 0.0, ""keyword_density"": 0.0, ""intensifiers"": 0.0, ""threat"": 0.0, ""all_caps"": 0.0}"
1p77pim,https://old.reddit.com/r/news/comments/1p77pim/venezuela_maduro_brandishes_sword_and_vows_to/,news,Relevant-Box5774,Venezuela: Maduro brandishes sword and vows to defy any US attempt to overthrow his government,Venezuela: Maduro brandishes sword and vows to defy any US attempt to overthrow his government,1764163653.0,en,0.0,low,language=en; score=0.00 (low); no explicit harmful keywords,"{""violent"": 0.0, ""hate"": 0.0, ""keyword_density"": 0.0, ""intensifiers"": 0.0, ""threat"": 0.0, ""all_caps"": 0.0}"
1p6wbwf,https://old.reddit.com/r/news/comments/1p6wbwf/simi_valley_man_found_guilty_of_murdering_exwife/,news,Reasonable_Automobil,"Simi Valley man found guilty of murdering ex-wife, burying her, then digging her up to rape the corpse","Simi Valley man found guilty of murdering ex-wife, burying her, then digging her up to rape the corpse",1764125093.0,en,0.0,low,language=en; score=0.00 (low); no explicit harmful keywords,"{""violent"": 0.0, ""hate"": 0.0, ""keyword_density"": 0.0, ""intensifiers"": 0.0, ""threat"": 0.0, ""all_caps"": 0.0}"
1p6nhu4,https://old.reddit.com/r/news/comments/1p6nhu4/insiders_say_xs_new_location_label_was_rejected/,news,WriterDave,"Insiders say X's new ""location label"" was rejected for years.","Insiders say X's new ""location label"" was rejected for years.",1764102476.0,en,0.0,low,language=en; score=0.00 (low); no explicit harmful keywords,"{""violent"": 0.0, ""hate"": 0.0, ""keyword_density"": 0.0, ""intensifiers"": 0.0, ""threat"": 0.0, ""all_caps"": 0.0}"
1p6m3bb,https://old.reddit.com/r/news/comments/1p6m3bb/fbi_seeks_interviews_with_democratic_lawmakers/,news,Immediate-Link490,FBI seeks interviews with Democratic lawmakers who urged US troops to defy illegal orders,FBI seeks interviews with Democratic lawmakers who urged US troops to defy illegal orders,1764099335.0,en,0.023809523809523808,low,language=en; score=0.02 (low); allcaps=0.24; no explicit harmful keywords,"{""violent"": 0.0, ""hate"": 0.0, ""keyword_density"": 0.0, ""intensifiers"": 0.0, ""threat"": 0.0, ""all_caps"": 0.23809523809523808}"
1p6kwxy,https://old.reddit.com/r/news/comments/1p6kwxy/all_24_schoolgirls_abducted_from_kebbi_in_nigeria/,news,igetproteinfartsHELP,"All 24 schoolgirls abducted from Kebbi in Nigeria have been rescued, president says","All 24 schoolgirls abducted from Kebbi in Nigeria have been rescued, president says",1764096759.0,en,0.0,low,language=en; score=0.00 (low); no explicit harmful keywords,"{""violent"": 0.0, ""hate"": 0.0, ""keyword_density"": 0.0, ""intensifiers"": 0.0, ""threat"": 0.0, ""all_caps"": 0.0}"
1p77uyt,https://old.reddit.com/r/news/comments/1p77uyt/national_parks_announce_fee_surges_for/,news,JackThaBongRipper,National parks announce fee surges for international tourists,National parks announce fee surges for international tourists,1764164074.0,en,0.0,low,language=en; score=0.00 (low); no explicit harmful keywords,"{""violent"": 0.0, ""hate"": 0.0, ""keyword_density"": 0.0, ""intensifiers"": 0.0, ""threat"": 0.0, ""all_caps"": 0.0}"
1p77axn,https://old.reddit.com/r/news/comments/1p77axn/gramma_the_galápagos_tortoise_oldest_resident_of/,news,VectorChing101,"Gramma the Galápagos tortoise, oldest resident of San Diego Zoo, dies at about 141","Gramma the Galápagos tortoise, oldest resident of San Diego Zoo, dies at about 141",1764162507.0,en,0.0,low,language=en; score=0.00 (low); no explicit harmful keywords,"{""violent"": 0.0, ""hate"": 0.0, ""keyword_density"": 0.0, ""intensifiers"": 0.0, ""threat"": 0.0, ""all_caps"": 0.0}"
1p6sm3w,https://old.reddit.com/r/news/comments/1p6sm3w/us_justice_department_memo_about_boat_strikes/,news,BlazingFire007,US justice department memo about boat strikes diverges from Trump narrative,US justice department memo about boat strikes diverges from Trump narrative,1764114790.0,en,0.0,low,language=en; score=0.00 (low); no explicit harmful keywords,"{""violent"": 0.0, ""hate"": 0.0, ""keyword_density"": 0.0, ""intensifiers"": 0.0, ""threat"": 0.0, ""all_caps"": 0.0}"
1p6hsjr,https://old.reddit.com/r/news/comments/1p6hsjr/missing_virginia_high_school_football_coach/,news,DrexellGames,Missing Virginia high school football coach wanted on charges of child pornography,Missing Virginia high school football coach wanted on charges of child pornography,1764089945.0,en,0.0,low,language=en; score=0.00 (low); no explicit harmful keywords,"{""violent"": 0.0, ""hate"": 0.0, ""keyword_density"": 0.0, ""intensifiers"": 0.0, ""threat"": 0.0, ""all_caps"": 0.0}"
1p6spyd,https://old.reddit.com/r/news/comments/1p6spyd/resist_two_arrested_after_chalking_former_pulse/,news,izunortie,‘Resist’: Two arrested after chalking former Pulse Memorial Crosswalk,‘Resist’: Two arrested after chalking former Pulse Memorial Crosswalk,1764115073.0,en,0.0,low,language=en; score=0.00 (low); no explicit harmful keywords,"{""violent"": 0.0, ""hate"": 0.0, ""keyword_density"": 0.0, ""intensifiers"": 0.0, ""threat"": 0.0, ""all_caps"": 0.0}"
1p6dkq4,https://old.reddit.com/r/news/comments/1p6dkq4/tysons_beef_plant_closure_in_nebraska_will_impact/,news,AudibleNod,Tyson’s beef plant closure in Nebraska will impact a reliant town and ranchers nationwide,Tyson’s beef plant closure in Nebraska will impact a reliant town and ranchers nationwide,1764080280.0,en,0.0,low,language=en; score=0.00 (low); no explicit harmful keywords,"{""violent"": 0.0, ""hate"": 0.0, ""keyword_density"": 0.0, ""intensifiers"": 0.0, ""threat"": 0.0, ""all_caps"": 0.0}"
1p6fesl,https://old.reddit.com/r/news/comments/1p6fesl/us_ready_to_cut_support_to_scouts_accusing_them/,news,TheCrowScare,"U.S. ready to cut support to Scouts, accusing them of attacking 'boy-friendly spaces'","U.S. ready to cut support to Scouts, accusing them of attacking 'boy-friendly spaces'",1764084637.0,en,0.0,low,language=en; score=0.00 (low); no explicit harmful keywords,"{""violent"": 0.0, ""hate"": 0.0, ""keyword_density"": 0.0, ""intensifiers"": 0.0, ""threat"": 0.0, ""all_caps"": 0.0}"
1p6leak,https://old.reddit.com/r/news/comments/1p6leak/campbells_soup_executive_called_its_products_food/,news,speedythefirst,"Campbell’s Soup executive called its products food for ‘poor people’, lawsuit alleges | US news","Campbell’s Soup executive called its products food for ‘poor people’, lawsuit alleges | US news",1764097791.0,en,0.0,low,language=en; score=0.00 (low); no explicit harmful keywords,"{""violent"": 0.0, ""hate"": 0.0, ""keyword_density"": 0.0, ""intensifiers"": 0.0, ""threat"": 0.0, ""all_caps"": 0.0}"
1p6kkxa,https://old.reddit.com/r/news/comments/1p6kkxa/antiabortion_protester_arrested_in_planned/,news,speedythefirst,Anti-abortion protester arrested in Planned Parenthood shooting,Anti-abortion protester arrested in Planned Parenthood shooting,1764096034.0,en,0.35,low,language=en; score=0.35 (low); violent=2 (shooting); density=1.00,"{""violent"": 0.6666666666666666, ""hate"": 0.0, ""keyword_density"": 1.0, ""intensifiers"": 0.0, ""threat"": 0.0, ""all_caps"": 0.0}"
1p6dl8q,https://old.reddit.com/r/news/comments/1p6dl8q/eu_court_says_samesex_marriages_should_be/,news,igetproteinfartsHELP,EU court says same-sex marriages should be recognised throughout bloc,EU court says same-sex marriages should be recognised throughout bloc,1764080317.0,en,0.0,low,language=en; score=0.00 (low); no explicit harmful keywords,"{""violent"": 0.0, ""hate"": 0.0, ""keyword_density"": 0.0, ""intensifiers"": 0.0, ""threat"": 0.0, ""all_caps"": 0.0}"
1p6iam3,https://old.reddit.com/r/news/comments/1p6iam3/alleged_porch_pirates_targeted_fedex_packages/,news,AudibleNod,Alleged 'porch pirates' targeted FedEx packages with insider information: Prosecutors,Alleged 'porch pirates' targeted FedEx packages with insider information: Prosecutors,1764091035.0,en,0.0,low,language=en; score=0.00 (low); no explicit harmful keywords,"{""violent"": 0.0, ""hate"": 0.0, ""keyword_density"": 0.0, ""intensifiers"": 0.0, ""threat"": 0.0, ""all_caps"": 0.0}"
1p6td0b,https://old.reddit.com/r/news/comments/1p6td0b/hp_to_cut_about_6000_jobs_by_2028_ramps_up_ai/,news,GeneReddit123,"HP to cut about 6,000 jobs by 2028, ramps up AI efforts","HP to cut about 6,000 jobs by 2028, ramps up AI efforts",1764116764.0,en,0.0,low,language=en; score=0.00 (low); no explicit harmful keywords,"{""violent"": 0.0, ""hate"": 0.0, ""keyword_density"": 0.0, ""intensifiers"": 0.0, ""threat"": 0.0, ""all_caps"": 0.0}"
1p6ysq4,https://old.reddit.com/r/news/comments/1p6ysq4/in_a_scientific_first_biologists_recorded_a_wild/,news,Plainchant,"In a scientific first, biologists recorded a wild wolf potentially using tools","In a scientific first, biologists recorded a wild wolf potentially using tools",1764132585.0,en,0.0,low,language=en; score=0.00 (low); no explicit harmful keywords,"{""violent"": 0.0, ""hate"": 0.0, ""keyword_density"": 0.0, ""intensifiers"": 0.0, ""threat"": 0.0, ""all_caps"": 0.0}"
1p6tc5e,https://old.reddit.com/r/news/comments/1p6tc5e/judge_orders_trump_administration_to_provide_bond/,news,JackThaBongRipper,Judge orders Trump administration to provide bond hearings to detained migrants,Judge orders Trump administration to provide bond hearings to detained migrants,1764116699.0,en,0.0,low,language=en; score=0.00 (low); no explicit harmful keywords,"{""violent"": 0.0, ""hate"": 0.0, ""keyword_density"": 0.0, ""intensifiers"": 0.0, ""threat"": 0.0, ""all_caps"": 0.0}"
1p6xm9o,https://old.reddit.com/r/news/comments/1p6xm9o/tehran_close_to_running_dry_due_to_water/,news,Ten3Zer0,Tehran close to running dry due to 'water bankruptcy',Tehran close to running dry due to 'water bankruptcy',1764128912.0,en,0.0,low,language=en; score=0.00 (low); no explicit harmful keywords,"{""violent"": 0.0, ""hate"": 0.0, ""keyword_density"": 0.0, ""intensifiers"": 0.0, ""threat"": 0.0, ""all_caps"": 0.0}"
1p6rnr3,https://old.reddit.com/r/news/comments/1p6rnr3/new_zealand_says_its_going_to_eradicate_feral_cats/,news,JackThaBongRipper,New Zealand says it’s going to eradicate feral cats,New Zealand says it’s going to eradicate feral cats,1764112307.0,en,0.0,low,language=en; score=0.00 (low); no explicit harmful keywords,"{""violent"": 0.0, ""hate"": 0.0, ""keyword_density"": 0.0, ""intensifiers"": 0.0, ""threat"": 0.0, ""all_caps"": 0.0}"
1p77kei,https://old.reddit.com/r/news/comments/1p77kei/bangkok_court_issues_an_arrest_warrant_for_thai/,news,VectorChing101,Bangkok court issues an arrest warrant for Thai co-owner of Miss Universe pageant,Bangkok court issues an arrest warrant for Thai co-owner of Miss Universe pageant,1764163249.0,en,0.0,low,language=en; score=0.00 (low); no explicit harmful keywords,"{""violent"": 0.0, ""hate"": 0.0, ""keyword_density"": 0.0, ""intensifiers"": 0.0, ""threat"": 0.0, ""all_caps"": 0.0}"
1p69k98,https://old.reddit.com/r/news/comments/1p69k98/gramma_the_galápagos_tortoise_oldest_resident_of/,news,CrowRoutine9631,"Gramma the Galápagos tortoise, oldest resident of San Diego Zoo, dies at about 141","Gramma the Galápagos tortoise, oldest resident of San Diego Zoo, dies at about 141",1764068298.0,en,0.0,low,language=en; score=0.00 (low); no explicit harmful keywords,"{""violent"": 0.0, ""hate"": 0.0, ""keyword_density"": 0.0, ""intensifiers"": 0.0, ""threat"": 0.0, ""all_caps"": 0.0}"
1p71de2,https://old.reddit.com/r/news/comments/1p71de2/us_navy_axes_frigate_program_in_another_blow_to/,news,GeneReddit123,US Navy axes frigate program in another blow to efforts to keep up with China’s fleet,US Navy axes frigate program in another blow to efforts to keep up with China’s fleet,1764141290.0,en,0.0,low,language=en; score=0.00 (low); no explicit harmful keywords,"{""violent"": 0.0, ""hate"": 0.0, ""keyword_density"": 0.0, ""intensifiers"": 0.0, ""threat"": 0.0, ""all_caps"": 0.0}"
1p6nata,https://old.reddit.com/r/news/comments/1p6nata/jair_bolsonaro_ordered_to_start_27year_prison/,news,speedythefirst,Jair Bolsonaro ordered to start 27-year prison term for plotting Brazil coup,Jair Bolsonaro ordered to start 27-year prison term for plotting Brazil coup,1764102041.0,en,0.0,low,language=en; score=0.00 (low); no explicit harmful keywords,"{""violent"": 0.0, ""hate"": 0.0, ""keyword_density"": 0.0, ""intensifiers"": 0.0, ""threat"": 0.0, ""all_caps"": 0.0}"
1p709op,https://old.reddit.com/r/news/comments/1p709op/joan_templeman_wife_of_billionaire_richard/,news,Relevant-Box5774,"Joan Templeman, wife of billionaire Richard Branson, dies aged 80","Joan Templeman, wife of billionaire Richard Branson, dies aged 80",1764137392.0,en,0.0,low,language=en; score=0.00 (low); no explicit harmful keywords,"{""violent"": 0.0, ""hate"": 0.0, ""keyword_density"": 0.0, ""intensifiers"": 0.0, ""threat"": 0.0, ""all_caps"": 0.0}"
1p6ud9h,https://old.reddit.com/r/news/comments/1p6ud9h/federal_bureau_of_prisons_says_falling_concrete/,news,CHolland8776,Federal Bureau of Prisons says falling concrete is forcing it to close a prison near Los Angeles,Federal Bureau of Prisons says falling concrete is forcing it to close a prison near Los Angeles,1764119514.0,en,0.0,low,language=en; score=0.00 (low); no explicit harmful keywords,"{""violent"": 0.0, ""hate"": 0.0, ""keyword_density"": 0.0, ""intensifiers"": 0.0, ""threat"": 0.0, ""all_caps"": 0.0}"
1p6xw9c,https://old.reddit.com/r/worldnews/comments/1p6xw9c/rworldnews_live_thread_russian_invasion_of/,worldnews,WorldNewsMods,"/r/WorldNews Live Thread: Russian Invasion of Ukraine Day 1371, Part 1 (Thread #1518)","/r/WorldNews Live Thread: Russian Invasion of Ukraine Day 1371, Part 1 (Thread #1518)",1764129749.0,en,0.0,low,language=en; score=0.00 (low); no explicit harmful keywords,"{""violent"": 0.0, ""hate"": 0.0, ""keyword_density"": 0.0, ""intensifiers"": 0.0, ""threat"": 0.0, ""all_caps"": 0.0}"
1p70ohp,https://old.reddit.com/r/worldnews/comments/1p70ohp/trump_on_leaked_witkoffrussia_call_he_has_to_sell/,worldnews,jackytheblade,"Trump on leaked Witkoff-Russia call: He has to ""sell Ukraine to Russia"", it's deal-maker's job","Trump on leaked Witkoff-Russia call: He has to ""sell Ukraine to Russia"", it's deal-maker's job",1764138841.0,en,0.0,low,language=en; score=0.00 (low); no explicit harmful keywords,"{""violent"": 0.0, ""hate"": 0.0, ""keyword_density"": 0.0, ""intensifiers"": 0.0, ""threat"": 0.0, ""all_caps"": 0.0}"
1p73lhx,https://old.reddit.com/r/worldnews/comments/1p73lhx/taiwan_to_prepare_for_combat_by_2027_president/,worldnews,charliehu1226,"Taiwan to prepare for combat by 2027, president says - as he warns China is preparing to take the country by force","Taiwan to prepare for combat by 2027, president says - as he warns China is preparing to take the country by force",1764149920.0,en,0.0,low,language=en; score=0.00 (low); no explicit harmful keywords,"{""violent"": 0.0, ""hate"": 0.0, ""keyword_density"": 0.0, ""intensifiers"": 0.0, ""threat"": 0.0, ""all_caps"": 0.0}"
1p76czh,https://old.reddit.com/r/worldnews/comments/1p76czh/americans_helping_ukrainian_war_effort_decry_us/,worldnews,AndroidOne1,Americans helping Ukrainian war effort decry US peace plan as a ‘betrayal by Trump’,Americans helping Ukrainian war effort decry US peace plan as a ‘betrayal by Trump’,1764159758.0,en,0.0,low,language=en; score=0.00 (low); no explicit harmful keywords,"{""violent"": 0.0, ""hate"": 0.0, ""keyword_density"": 0.0, ""intensifiers"": 0.0, ""threat"": 0.0, ""all_caps"": 0.0}"
1p75ymg,https://old.reddit.com/r/worldnews/comments/1p75ymg/china_team_simulates_largescale_electronic/,worldnews,UpgradedSiera6666,China team simulates large-scale electronic warfare against Musk’s Starlink,China team simulates large-scale electronic warfare against Musk’s Starlink,1764158490.0,en,0.0,low,language=en; score=0.00 (low); no explicit harmful keywords,"{""violent"": 0.0, ""hate"": 0.0, ""keyword_density"": 0.0, ""intensifiers"": 0.0, ""threat"": 0.0, ""all_caps"": 0.0}"
1p6kvlr,https://old.reddit.com/r/worldnews/comments/1p6kvlr/jair_bolsonaro_ordered_to_start_27year_prison/,worldnews,guardian,Jair Bolsonaro ordered to start 27-year prison term for plotting Brazil coup,Jair Bolsonaro ordered to start 27-year prison term for plotting Brazil coup,1764096679.0,en,0.0,low,language=en; score=0.00 (low); no explicit harmful keywords,"{""violent"": 0.0, ""hate"": 0.0, ""keyword_density"": 0.0, ""intensifiers"": 0.0, ""threat"": 0.0, ""all_caps"": 0.0}"
1p738kk,https://old.reddit.com/r/worldnews/comments/1p738kk/emmanuel_macron_may_announce_in_the_coming_days/,worldnews,UpgradedSiera6666,"Emmanuel Macron may announce in the coming days the introduction of a voluntary military service program in France (Up to 50,000 young people per year with an added €1.000 monthly income).","Emmanuel Macron may announce in the coming days the introduction of a voluntary military service program in France (Up to 50,000 young people per year with an added €1.000 monthly income).",1764148491.0,en,0.0,low,language=en; score=0.00 (low); no explicit harmful keywords,"{""violent"": 0.0, ""hate"": 0.0, ""keyword_density"": 0.0, ""intensifiers"": 0.0, ""threat"": 0.0, ""all_caps"": 0.0}"
1p72og4,https://old.reddit.com/r/worldnews/comments/1p72og4/russias_wagner_group_accused_of_killing_civilians/,worldnews,_Deleted_Deleted,Russia's Wagner group accused of killing civilians in cold-blood in Mali,Russia's Wagner group accused of killing civilians in cold-blood in Mali,1764146212.0,en,0.3153846153846154,low,language=en; score=0.32 (low); violent=2 (killing); density=0.77,"{""violent"": 0.6666666666666666, ""hate"": 0.0, ""keyword_density"": 0.7692307692307693, ""intensifiers"": 0.0, ""threat"": 0.0, ""all_caps"": 0.0}"
1p6n1qc,https://old.reddit.com/r/worldnews/comments/1p6n1qc/italy_now_recognizes_the_crime_of_femicide_and/,worldnews,Not-Somebody-Famous,Italy now recognizes the crime of femicide and punishes it with life in prison,Italy now recognizes the crime of femicide and punishes it with life in prison,1764101454.0,en,0.0,low,language=en; score=0.00 (low); no explicit harmful keywords,"{""violent"": 0.0, ""hate"": 0.0, ""keyword_density"": 0.0, ""intensifiers"": 0.0, ""threat"": 0.0, ""all_caps"": 0.0}"
1p75avz,https://old.reddit.com/r/worldnews/comments/1p75avz/us_army_secretary_warned_ukraine_of_imminent/,worldnews,M795,U.S. Army secretary warned Ukraine of imminent defeat while pushing initial peace plan,U.S. Army secretary warned Ukraine of imminent defeat while pushing initial peace plan,1764156228.0,en,0.0,low,language=en; score=0.00 (low); no explicit harmful keywords,"{""violent"": 0.0, ""hate"": 0.0, ""keyword_density"": 0.0, ""intensifiers"": 0.0, ""threat"": 0.0, ""all_caps"": 0.0}"
1p6p88l,https://old.reddit.com/r/worldnews/comments/1p6p88l/chinese_airlines_cancel_flights_on_12_japan/,worldnews,captain-price-,Chinese airlines cancel flights on 12 Japan routes as tensions continue to rise,Chinese airlines cancel flights on 12 Japan routes as tensions continue to rise,1764106432.0,en,0.0,low,language=en; score=0.00 (low); no explicit harmful keywords,"{""violent"": 0.0, ""hate"": 0.0, ""keyword_density"": 0.0, ""intensifiers"": 0.0, ""threat"": 0.0, ""all_caps"": 0.0}"
1p6mwme,https://old.reddit.com/r/worldnews/comments/1p6mwme/witkoff_advised_russia_on_how_to_pitch_ukraine/,worldnews,bloomberg,Witkoff Advised Russia on How to Pitch Ukraine Plan to Trump,Witkoff Advised Russia on How to Pitch Ukraine Plan to Trump,1764101128.0,en,0.0,low,language=en; score=0.00 (low); no explicit harmful keywords,"{""violent"": 0.0, ""hate"": 0.0, ""keyword_density"": 0.0, ""intensifiers"": 0.0, ""threat"": 0.0, ""all_caps"": 0.0}"
1p6qgt1,https://old.reddit.com/r/worldnews/comments/1p6qgt1/poland_is_for_poles_not_jews_polish_mp_at/,worldnews,arrogant_ambassador,"‘Poland is for Poles not Jews,’ Polish MP at Auschwitz | The Jerusalem Post","‘Poland is for Poles not Jews,’ Polish MP at Auschwitz | The Jerusalem Post",1764109340.0,en,0.0,low,language=en; score=0.00 (low); no explicit harmful keywords,"{""violent"": 0.0, ""hate"": 0.0, ""keyword_density"": 0.0, ""intensifiers"": 0.0, ""threat"": 0.0, ""all_caps"": 0.0}"
1p78bft,https://old.reddit.com/r/worldnews/comments/1p78bft/german_chancellor_merz_the_west_wont_let_putin/,worldnews,UNITED24Media,German Chancellor Merz: The West Won’t Let Putin Dictate Ukraine’s Future,German Chancellor Merz: The West Won’t Let Putin Dictate Ukraine’s Future,1764165293.0,en,0.0,low,language=en; score=0.00 (low); no explicit harmful keywords,"{""violent"": 0.0, ""hate"": 0.0, ""keyword_density"": 0.0, ""intensifiers"": 0.0, ""threat"": 0.0, ""all_caps"": 0.0}"
1p6e2kf,https://old.reddit.com/r/worldnews/comments/1p6e2kf/x_exposes_fake_gaza_accounts_from_pakistan/,worldnews,McAlpineFusiliers,X exposes fake Gaza accounts from Pakistan,X exposes fake Gaza accounts from Pakistan,1764081493.0,en,0.0,low,language=en; score=0.00 (low); no explicit harmful keywords,"{""violent"": 0.0, ""hate"": 0.0, ""keyword_density"": 0.0, ""intensifiers"": 0.0, ""threat"": 0.0, ""all_caps"": 0.0}"
1p72eie,https://old.reddit.com/r/worldnews/comments/1p72eie/taiwans_president_lai_lashes_out_against_beijing/,worldnews,Dr_Neurol,"Taiwan's President Lai lashes out against Beijing, pledges $40 billion in additional defense budget","Taiwan's President Lai lashes out against Beijing, pledges $40 billion in additional defense budget",1764145116.0,en,0.0,low,language=en; score=0.00 (low); no explicit harmful keywords,"{""violent"": 0.0, ""hate"": 0.0, ""keyword_density"": 0.0, ""intensifiers"": 0.0, ""threat"": 0.0, ""all_caps"": 0.0}"
1p6p4ga,https://old.reddit.com/r/worldnews/comments/1p6p4ga/eu_parliament_calls_for_sanctions_against_orbán/,worldnews,Dr_Neurol,"EU Parliament calls for sanctions against Orbán: Hungary has turned into ""electoral autocracy""","EU Parliament calls for sanctions against Orbán: Hungary has turned into ""electoral autocracy""",1764106185.0,en,0.0,low,language=en; score=0.00 (low); no explicit harmful keywords,"{""violent"": 0.0, ""hate"": 0.0, ""keyword_density"": 0.0, ""intensifiers"": 0.0, ""threat"": 0.0, ""all_caps"": 0.0}"
1p6rlit,https://old.reddit.com/r/worldnews/comments/1p6rlit/three_people_arrrested_in_paris_on_suspicion_of/,worldnews,Bobbyjackbj,Three people arrrested in Paris on suspicion of spying for Russia,Three people arrrested in Paris on suspicion of spying for Russia,1764112147.0,en,0.0,low,language=en; score=0.00 (low); no explicit harmful keywords,"{""violent"": 0.0, ""hate"": 0.0, ""keyword_density"": 0.0, ""intensifiers"": 0.0, ""threat"": 0.0, ""all_caps"": 0.0}"
1p6kxck,https://old.reddit.com/r/worldnews/comments/1p6kxck/all_24_schoolgirls_abducted_from_kebbi_in_nigeria/,worldnews,igetproteinfartsHELP,"All 24 schoolgirls abducted from Kebbi in Nigeria have been rescued, president says","All 24 schoolgirls abducted from Kebbi in Nigeria have been rescued, president says",1764096783.0,en,0.0,low,language=en; score=0.00 (low); no explicit harmful keywords,"{""violent"": 0.0, ""hate"": 0.0, ""keyword_density"": 0.0, ""intensifiers"": 0.0, ""threat"": 0.0, ""all_caps"": 0.0}"
1p77vv1,https://old.reddit.com/r/worldnews/comments/1p77vv1/senior_putin_aide_says_usrussian_peace_plan_for/,worldnews,shellfishb,Senior Putin aide says US-Russian peace plan for Ukraine could have been negotiated over WhatsApp,Senior Putin aide says US-Russian peace plan for Ukraine could have been negotiated over WhatsApp,1764164144.0,en,0.0,low,language=en; score=0.00 (low); no explicit harmful keywords,"{""violent"": 0.0, ""hate"": 0.0, ""keyword_density"": 0.0, ""intensifiers"": 0.0, ""threat"": 0.0, ""all_caps"": 0.0}"
1p6csew,https://old.reddit.com/r/worldnews/comments/1p6csew/russia_weighs_how_to_prop_up_russian_railways/,worldnews,Zhukov-74,"Russia weighs how to prop up Russian Railways which is $51 billion in debt, sources say","Russia weighs how to prop up Russian Railways which is $51 billion in debt, sources say",1764078262.0,en,0.0,low,language=en; score=0.00 (low); no explicit harmful keywords,"{""violent"": 0.0, ""hate"": 0.0, ""keyword_density"": 0.0, ""intensifiers"": 0.0, ""threat"": 0.0, ""all_caps"": 0.0}"
1p72n0p,https://old.reddit.com/r/worldnews/comments/1p72n0p/russia_says_us_envoy_witkoff_to_visit_moscow_next/,worldnews,bloomberg,"Russia Says US Envoy Witkoff to Visit Moscow Next Week ┃ The flurry of diplomatic activity underscores the White House’s optimism around Ukraine negotiations, but doubts remain in European capitals","Russia Says US Envoy Witkoff to Visit Moscow Next Week ┃ The flurry of diplomatic activity underscores the White House’s optimism around Ukraine negotiations, but doubts remain in European capitals",1764146052.0,en,0.0,low,language=en; score=0.00 (low); no explicit harmful keywords,"{""violent"": 0.0, ""hate"": 0.0, ""keyword_density"": 0.0, ""intensifiers"": 0.0, ""threat"": 0.0, ""all_caps"": 0.0}"
1p747t7,https://old.reddit.com/r/worldnews/comments/1p747t7/four_dead_after_fire_engulfs_residential_highrise/,worldnews,Minosyte,Four dead after fire engulfs residential high-rise buildings in Hong Kong,Four dead after fire engulfs residential high-rise buildings in Hong Kong,1764152250.0,en,0.0,low,language=en; score=0.00 (low); no explicit harmful keywords,"{""violent"": 0.0, ""hate"": 0.0, ""keyword_density"": 0.0, ""intensifiers"": 0.0, ""threat"": 0.0, ""all_caps"": 0.0}"
1p6b81f,https://old.reddit.com/r/worldnews/comments/1p6b81f/macron_rejects_trumps_peace_plan_as_is_backs/,worldnews,UNITED24Media,"Macron Rejects Trump’s Peace Plan as Is, Backs Assurance Forces for Ukraine","Macron Rejects Trump’s Peace Plan as Is, Backs Assurance Forces for Ukraine",1764073836.0,en,0.0,low,language=en; score=0.00 (low); no explicit harmful keywords,"{""violent"": 0.0, ""hate"": 0.0, ""keyword_density"": 0.0, ""intensifiers"": 0.0, ""threat"": 0.0, ""all_caps"": 0.0}"
1p6v7k6,https://old.reddit.com/r/worldnews/comments/1p6v7k6/russian_general_in_venezuela_leading_advisory/,worldnews,kite13light13,"Russian General In Venezuela Leading Advisory Mission: Ukraine's Intel Chief. This isn’t about drugs. Russia, and china on US doorstep.","Russian General In Venezuela Leading Advisory Mission: Ukraine's Intel Chief. This isn’t about drugs. Russia, and china on US doorstep.",1764121900.0,en,0.0,low,language=en; score=0.00 (low); no explicit harmful keywords,"{""violent"": 0.0, ""hate"": 0.0, ""keyword_density"": 0.0, ""intensifiers"": 0.0, ""threat"": 0.0, ""all_caps"": 0.0}"
1p78d21,https://old.reddit.com/r/worldnews/comments/1p78d21/13_people_killed_in_fire_engulfing_hong_kong/,worldnews,Not-Somebody-Famous,"13 people killed in fire engulfing Hong Kong high-rise residential buildings, fire services say","13 people killed in fire engulfing Hong Kong high-rise residential buildings, fire services say",1764165408.0,en,0.0,low,language=en; score=0.00 (low); no explicit harmful keywords,"{""violent"": 0.0, ""hate"": 0.0, ""keyword_density"": 0.0, ""intensifiers"": 0.0, ""threat"": 0.0, ""all_caps"": 0.0}"
1p66yf9,https://old.reddit.com/r/worldnews/comments/1p66yf9/russian_drones_breach_nato_airspace_in_longrange/,worldnews,thimbleberry_song,Russian drones breach NATO airspace in long-range strikes,Russian drones breach NATO airspace in long-range strikes,1764058219.0,en,0.04166666666666667,low,language=en; score=0.04 (low); allcaps=0.42; no explicit harmful keywords,"{""violent"": 0.0, ""hate"": 0.0, ""keyword_density"": 0.0, ""intensifiers"": 0.0, ""threat"": 0.0, ""all_caps"": 0.4166666666666667}"
1p76of1,https://old.reddit.com/r/worldnews/comments/1p76of1/nigerian_schoolgirls_freed_eight_days_after_mass/,worldnews,Disastrous_Award_789,Nigerian Schoolgirls Freed Eight Days After Mass Kidnapping,Nigerian Schoolgirls Freed Eight Days After Mass Kidnapping,1764160717.0,en,0.0,low,language=en; score=0.00 (low); no explicit harmful keywords,"{""violent"": 0.0, ""hate"": 0.0, ""keyword_density"": 0.0, ""intensifiers"": 0.0, ""threat"": 0.0, ""all_caps"": 0.0}"
1p6z372,https://old.reddit.com/r/worldnews/comments/1p6z372/new_x_feature_exposes_who_in_iran_is_bypassing/,worldnews,Ask4MD,New X Feature Exposes Who In Iran Is Bypassing State For Unblocked Internet,New X Feature Exposes Who In Iran Is Bypassing State For Unblocked Internet,1764133482.0,en,0.0,low,language=en; score=0.00 (low); no explicit harmful keywords,"{""violent"": 0.0, ""hate"": 0.0, ""keyword_density"": 0.0, ""intensifiers"": 0.0, ""threat"": 0.0, ""all_caps"": 0.0}"
1p6cc1u,https://old.reddit.com/r/worldnews/comments/1p6cc1u/sweden_wants_longrange_weapon_systems_able_to/,worldnews,Raj_Valiant3011,Sweden wants long-range weapon systems able to strike inside Russia,Sweden wants long-range weapon systems able to strike inside Russia,1764077048.0,af,0.0,low,language=af; score=0.00 (low); no explicit harmful keywords,"{""violent"": 0.0, ""hate"": 0.0, ""keyword_density"": 0.0, ""intensifiers"": 0.0, ""threat"": 0.0, ""all_caps"": 0.0}"
1p77124,https://old.reddit.com/r/politics/comments/1p77124/leaked_recordings_prove_putin_is_making_trump_his/,politics,theipaper,Leaked recordings prove Putin is making Trump his puppet,Leaked recordings prove Putin is making Trump his puppet,1764161742.0,en,0.0,low,language=en; score=0.00 (low); no explicit harmful keywords,"{""violent"": 0.0, ""hate"": 0.0, ""keyword_density"": 0.0, ""intensifiers"": 0.0, ""threat"": 0.0, ""all_caps"": 0.0}"
1p6t82i,https://old.reddit.com/r/politics/comments/1p6t82i/leaked_call_shows_top_trump_aide_teaching_russia/,politics,Kodbek,Leaked Call Shows Top Trump Aide Teaching Russia How to Suck Up to Trump,Leaked Call Shows Top Trump Aide Teaching Russia How to Suck Up to Trump,1764116397.0,en,0.0,low,language=en; score=0.00 (low); no explicit harmful keywords,"{""violent"": 0.0, ""hate"": 0.0, ""keyword_density"": 0.0, ""intensifiers"": 0.0, ""threat"": 0.0, ""all_caps"": 0.0}"
1p6zbbw,https://old.reddit.com/r/politics/comments/1p6zbbw/research_exposes_how_trump_79_has_drastically/,politics,Silly-avocatoe,"Research Exposes How Trump, 79, Has Drastically Reduced Schedule","Research Exposes How Trump, 79, Has Drastically Reduced Schedule",1764134204.0,en,0.0,low,language=en; score=0.00 (low); no explicit harmful keywords,"{""violent"": 0.0, ""hate"": 0.0, ""keyword_density"": 0.0, ""intensifiers"": 0.0, ""threat"": 0.0, ""all_caps"": 0.0}"
1p6uj5h,https://old.reddit.com/r/politics/comments/1p6uj5h/mayorelect_mamdani_tells_170_senior_adams/,politics,EssoEssex,Mayor-elect Mamdani tells 170 senior Adams administration staffers to be out by Jan. 1,Mayor-elect Mamdani tells 170 senior Adams administration staffers to be out by Jan. 1,1764119981.0,en,0.0,low,language=en; score=0.00 (low); no explicit harmful keywords,"{""violent"": 0.0, ""hate"": 0.0, ""keyword_density"": 0.0, ""intensifiers"": 0.0, ""threat"": 0.0, ""all_caps"": 0.0}"
1p76rme,https://old.reddit.com/r/politics/comments/1p76rme/soldiers_must_disobey_unlawful_orders_under/,politics,ChaskaChanhassen,Soldiers must disobey unlawful orders under Trump--it's their legal duty,Soldiers must disobey unlawful orders under Trump--it's their legal duty,1764160976.0,en,0.0,low,language=en; score=0.00 (low); no explicit harmful keywords,"{""violent"": 0.0, ""hate"": 0.0, ""keyword_density"": 0.0, ""intensifiers"": 0.0, ""threat"": 0.0, ""all_caps"": 0.0}"
1p6zn7q,https://old.reddit.com/r/politics/comments/1p6zn7q/leaked_phone_call_shows_trumps_special_envoy/,politics,Netalott,Leaked phone call shows Trump’s special envoy coached Kremlin on Trump tactics,Leaked phone call shows Trump’s special envoy coached Kremlin on Trump tactics,1764135280.0,en,0.0,low,language=en; score=0.00 (low); no explicit harmful keywords,"{""violent"": 0.0, ""hate"": 0.0, ""keyword_density"": 0.0, ""intensifiers"": 0.0, ""threat"": 0.0, ""all_caps"": 0.0}"
1p7058t,https://old.reddit.com/r/politics/comments/1p7058t/epstein_estate_slams_keystone_kashs_claims_over/,politics,T_Shurt,Epstein Estate Slams Keystone Kash’s Claims Over FBI Docs,Epstein Estate Slams Keystone Kash’s Claims Over FBI Docs,1764136964.0,en,0.037037037037037035,low,language=en; score=0.04 (low); allcaps=0.37; no explicit harmful keywords,"{""violent"": 0.0, ""hate"": 0.0, ""keyword_density"": 0.0, ""intensifiers"": 0.0, ""threat"": 0.0, ""all_caps"": 0.37037037037037035}"
1p6mowc,https://old.reddit.com/r/politics/comments/1p6mowc/trump_secretly_considering_firing_kash_patel_as/,politics,unital_subalgebra,Trump Secretly Considering Firing Kash Patel as Blunders Pile Up,Trump Secretly Considering Firing Kash Patel as Blunders Pile Up,1764100659.0,en,0.0,low,language=en; score=0.00 (low); no explicit harmful keywords,"{""violent"": 0.0, ""hate"": 0.0, ""keyword_density"": 0.0, ""intensifiers"": 0.0, ""threat"": 0.0, ""all_caps"": 0.0}"
1p742rl,https://old.reddit.com/r/politics/comments/1p742rl/military_veterans_call_out_trump_hegseth_and/,politics,edbegley1,"Military Veterans Call Out Trump, Hegseth and Pentagon in New Video","Military Veterans Call Out Trump, Hegseth and Pentagon in New Video",1764151724.0,en,0.0,low,language=en; score=0.00 (low); no explicit harmful keywords,"{""violent"": 0.0, ""hate"": 0.0, ""keyword_density"": 0.0, ""intensifiers"": 0.0, ""threat"": 0.0, ""all_caps"": 0.0}"
1p6nmn9,https://old.reddit.com/r/politics/comments/1p6nmn9/rfk_jr_should_be_impeached_for_ordering_cdc_to/,politics,unital_subalgebra,RFK Jr. should be impeached for ordering CDC to promote autism and vaccination lies,RFK Jr. should be impeached for ordering CDC to promote autism and vaccination lies,1764102787.0,en,0.047619047619047616,low,language=en; score=0.05 (low); allcaps=0.48; no explicit harmful keywords,"{""violent"": 0.0, ""hate"": 0.0, ""keyword_density"": 0.0, ""intensifiers"": 0.0, ""threat"": 0.0, ""all_caps"": 0.47619047619047616}"
1p76aky,https://old.reddit.com/r/politics/comments/1p76aky/leaked_call_transcripts_reveal_us_envoy_coaching/,politics,Ok_Employer7837,Leaked call transcripts reveal U.S. envoy coaching Putin aide on pitching peace plan,Leaked call transcripts reveal U.S. envoy coaching Putin aide on pitching peace plan,1764159548.0,en,0.0,low,language=en; score=0.00 (low); no explicit harmful keywords,"{""violent"": 0.0, ""hate"": 0.0, ""keyword_density"": 0.0, ""intensifiers"": 0.0, ""threat"": 0.0, ""all_caps"": 0.0}"
1p78mkv,https://old.reddit.com/r/politics/comments/1p78mkv/trump_79_completely_loses_it_over_report_about/,politics,Boonzies,"Trump, 79, Completely Loses It Over Report About His Physical Decline","Trump, 79, Completely Loses It Over Report About His Physical Decline",1764166062.0,en,0.03333333333333333,low,language=en; score=0.03 (low); intensifiers=2; no explicit harmful keywords,"{""violent"": 0.0, ""hate"": 0.0, ""keyword_density"": 0.0, ""intensifiers"": 0.6666666666666666, ""threat"": 0.0, ""all_caps"": 0.0}"
1p6vyky,https://old.reddit.com/r/politics/comments/1p6vyky/canary_in_the_coal_mine_mccarthy_predicts_gop/,politics,RepulsiveLoquat418,"""Canary in the coal mine"": McCarthy predicts GOP exodus following Greene resignation","""Canary in the coal mine"": McCarthy predicts GOP exodus following Greene resignation",1764124039.0,en,0.02777777777777778,low,language=en; score=0.03 (low); allcaps=0.28; no explicit harmful keywords,"{""violent"": 0.0, ""hate"": 0.0, ""keyword_density"": 0.0, ""intensifiers"": 0.0, ""threat"": 0.0, ""all_caps"": 0.2777777777777778}"
1p6h2mh,https://old.reddit.com/r/politics/comments/1p6h2mh/fbi_interviewing_democrats_trump_has_called/,politics,OkayButFoRealz,FBI Interviewing Democrats Trump Has Called ‘Seditious’,FBI Interviewing Democrats Trump Has Called ‘Seditious’,1764088348.0,en,0.047619047619047616,low,language=en; score=0.05 (low); allcaps=0.48; no explicit harmful keywords,"{""violent"": 0.0, ""hate"": 0.0, ""keyword_density"": 0.0, ""intensifiers"": 0.0, ""threat"": 0.0, ""all_caps"": 0.47619047619047616}"
1p6mz8x,https://old.reddit.com/r/politics/comments/1p6mz8x/democrats_are_taking_back_school_boards_as_voters/,politics,southpawFA,Democrats are taking back school boards as voters tire of Republican culture wars. Dozens of Democrats have flipped seats across the country.,Democrats are taking back school boards as voters tire of Republican culture wars. Dozens of Democrats have flipped seats across the country.,1764101295.0,en,0.0,low,language=en; score=0.00 (low); no explicit harmful keywords,"{""violent"": 0.0, ""hate"": 0.0, ""keyword_density"": 0.0, ""intensifiers"": 0.0, ""threat"": 0.0, ""all_caps"": 0.0}"
1p6v9vv,https://old.reddit.com/r/politics/comments/1p6v9vv/trump_says_hed_rather_not_extend_affordable_care/,politics,Tennis_bruh,Trump says he’d ‘rather not’ extend Affordable Care Act subsidies,Trump says he’d ‘rather not’ extend Affordable Care Act subsidies,1764122081.0,en,0.0,low,language=en; score=0.00 (low); no explicit harmful keywords,"{""violent"": 0.0, ""hate"": 0.0, ""keyword_density"": 0.0, ""intensifiers"": 0.0, ""threat"": 0.0, ""all_caps"": 0.0}"
1p708gu,https://old.reddit.com/r/politics/comments/1p708gu/kristi_noem_made_final_call_on_deportation/,politics,SnakeJG,"Kristi Noem made final call on deportation flights after judge ordered planes to turn back, DOJ says","Kristi Noem made final call on deportation flights after judge ordered planes to turn back, DOJ says",1764137272.0,en,0.0196078431372549,low,language=en; score=0.02 (low); allcaps=0.20; no explicit harmful keywords,"{""violent"": 0.0, ""hate"": 0.0, ""keyword_density"": 0.0, ""intensifiers"": 0.0, ""threat"": 0.0, ""all_caps"": 0.19607843137254902}"
1p6xzpw,https://old.reddit.com/r/politics/comments/1p6xzpw/trumps_face_on_new_national_park_passes_outrages/,politics,sfgate,Trump's face on new national park passes outrages conservationists,Trump's face on new national park passes outrages conservationists,1764130039.0,en,0.0,low,language=en; score=0.00 (low); no explicit harmful keywords,"{""violent"": 0.0, ""hate"": 0.0, ""keyword_density"": 0.0, ""intensifiers"": 0.0, ""threat"": 0.0, ""all_caps"": 0.0}"
1p78ufi,https://old.reddit.com/r/politics/comments/1p78ufi/noem_made_decision_not_to_turn_around_deportation/,politics,rapidcreek409,"Noem made decision not to turn around deportation flights bound for El Salvador after judge's order, DOJ says","Noem made decision not to turn around deportation flights bound for El Salvador after judge's order, DOJ says",1764166616.0,en,0.018518518518518517,low,language=en; score=0.02 (low); allcaps=0.19; no explicit harmful keywords,"{""violent"": 0.0, ""hate"": 0.0, ""keyword_density"": 0.0, ""intensifiers"": 0.0, ""threat"": 0.0, ""all_caps"": 0.18518518518518517}"
1p6idio,https://old.reddit.com/r/politics/comments/1p6idio/donald_trumps_approval_rating_negative_in_20/,politics,frieddumplings,Donald Trump's approval rating negative in 20 states he won,Donald Trump's approval rating negative in 20 states he won,1764091210.0,en,0.0,low,language=en; score=0.00 (low); no explicit harmful keywords,"{""violent"": 0.0, ""hate"": 0.0, ""keyword_density"": 0.0, ""intensifiers"": 0.0, ""threat"": 0.0, ""all_caps"": 0.0}"
1p6jr76,https://old.reddit.com/r/politics/comments/1p6jr76/kash_patel_says_epstein_estate_refuses_to_share/,politics,Newsweek_CarloV,Kash Patel says Epstein estate refuses to share key records with the FBI,Kash Patel says Epstein estate refuses to share key records with the FBI,1764094239.0,en,0.025641025641025647,low,language=en; score=0.03 (low); allcaps=0.26; no explicit harmful keywords,"{""violent"": 0.0, ""hate"": 0.0, ""keyword_density"": 0.0, ""intensifiers"": 0.0, ""threat"": 0.0, ""all_caps"": 0.25641025641025644}"
1p7732o,https://old.reddit.com/r/politics/comments/1p7732o/court_official_dismisses_justice_departments/,politics,PenlessScribe,Court official dismisses Justice Department's misconduct complaint against a federal judge in DC,Court official dismisses Justice Department's misconduct complaint against a federal judge in DC,1764161910.0,en,0.0,low,language=en; score=0.00 (low); no explicit harmful keywords,"{""violent"": 0.0, ""hate"": 0.0, ""keyword_density"": 0.0, ""intensifiers"": 0.0, ""threat"": 0.0, ""all_caps"": 0.0}"
1p78pd4,https://old.reddit.com/r/politics/comments/1p78pd4/sen_mark_kelly_trump_and_hegseth_dont_understand/,politics,StemCellPirate,Sen. Mark Kelly: Trump and Hegseth don't 'understand the Constitution',Sen. Mark Kelly: Trump and Hegseth don't 'understand the Constitution',1764166264.0,en,0.0,low,language=en; score=0.00 (low); no explicit harmful keywords,"{""violent"": 0.0, ""hate"": 0.0, ""keyword_density"": 0.0, ""intensifiers"": 0.0, ""threat"": 0.0, ""all_caps"": 0.0}"
1p6fyak,https://old.reddit.com/r/politics/comments/1p6fyak/erika_kirk_says_turning_points_efforts_to_support/,politics,cnn,Erika Kirk says Turning Point’s efforts to support Vance in 2028 are ‘in the works’,Erika Kirk says Turning Point’s efforts to support Vance in 2028 are ‘in the works’,1764085871.0,en,0.0,low,language=en; score=0.00 (low); no explicit harmful keywords,"{""violent"": 0.0, ""hate"": 0.0, ""keyword_density"": 0.0, ""intensifiers"": 0.0, ""threat"": 0.0, ""all_caps"": 0.0}"
1p6urxm,https://old.reddit.com/r/politics/comments/1p6urxm/other_republicans_could_resign_following_marjorie/,politics,wizardofthefuture,Other Republicans Could Resign Following Marjorie Taylor Greene—Reports,Other Republicans Could Resign Following Marjorie Taylor Greene—Reports,1764120666.0,en,0.0,low,language=en; score=0.00 (low); no explicit harmful keywords,"{""violent"": 0.0, ""hate"": 0.0, ""keyword_density"": 0.0, ""intensifiers"": 0.0, ""threat"": 0.0, ""all_caps"": 0.0}"
1p6q8xy,https://old.reddit.com/r/politics/comments/1p6q8xy/despite_trumps_best_efforts_to_reshore/,politics,fortune,"Despite Trump's best efforts to reshore manufacturing, blue-collar employment is plunging for the first time since the pandemic with 59,000 lost jobs","Despite Trump's best efforts to reshore manufacturing, blue-collar employment is plunging for the first time since the pandemic with 59,000 lost jobs",1764108824.0,en,0.0,low,language=en; score=0.00 (low); no explicit harmful keywords,"{""violent"": 0.0, ""hate"": 0.0, ""keyword_density"": 0.0, ""intensifiers"": 0.0, ""threat"": 0.0, ""all_caps"": 0.0}"
1p6e1ro,https://old.reddit.com/r/politics/comments/1p6e1ro/pete_hegseth_mocks_mark_kelly_over_military/,politics,aktivate74,Pete Hegseth Mocks Mark Kelly Over Military Uniform,Pete Hegseth Mocks Mark Kelly Over Military Uniform,1764081436.0,en,0.0,low,language=en; score=0.00 (low); no explicit harmful keywords,"{""violent"": 0.0, ""hate"": 0.0, ""keyword_density"": 0.0, ""intensifiers"": 0.0, ""threat"": 0.0, ""all_caps"": 0.0}"
1p6oyg6,https://old.reddit.com/r/politics/comments/1p6oyg6/kristi_noem_wrongfully_deports_mexican_trans/,politics,NamelessResearcher,Kristi Noem wrongfully deports Mexican trans woman to face torture at home,Kristi Noem wrongfully deports Mexican trans woman to face torture at home,1764105790.0,en,0.0,low,language=en; score=0.00 (low); no explicit harmful keywords,"{""violent"": 0.0, ""hate"": 0.0, ""keyword_density"": 0.0, ""intensifiers"": 0.0, ""threat"": 0.0, ""all_caps"": 0.0}"
1p6m63k,https://old.reddit.com/r/politics/comments/1p6m63k/keystone_kash_facing_axe_over_alleged_misuse_of/,politics,mvanigan,Keystone Kash Facing Axe Over Alleged Misuse of FBI Jet,Keystone Kash Facing Axe Over Alleged Misuse of FBI Jet,1764099508.0,en,0.03333333333333334,low,language=en; score=0.03 (low); allcaps=0.33; no explicit harmful keywords,"{""violent"": 0.0, ""hate"": 0.0, ""keyword_density"": 0.0, ""intensifiers"": 0.0, ""threat"": 0.0, ""all_caps"": 0.33333333333333337}"
1p75fqt,https://old.reddit.com/r/politics/comments/1p75fqt/report_us_envoy_coached_putin_aide_on_how_russian/,politics,Moodfoo,Report: US envoy coached Putin aide on how Russian leader should pitch Trump on Ukraine peace plan,Report: US envoy coached Putin aide on how Russian leader should pitch Trump on Ukraine peace plan,1764156703.0,en,0.0,low,language=en; score=0.00 (low); no explicit harmful keywords,"{""violent"": 0.0, ""hate"": 0.0, ""keyword_density"": 0.0, ""intensifiers"": 0.0, ""threat"": 0.0, ""all_caps"": 0.0}"
1mcbpns,https://old.reddit.com/r/PublicFreakout/comments/1mcbpns/gaza_is_being_starved/,PublicFreakout,Kumquat_conniption,Gaza is Being Starved,Gaza is Being Starved,1753796380.0,en,0.0,low,language=en; score=0.00 (low); no explicit harmful keywords,"{""violent"": 0.0, ""hate"": 0.0, ""keyword_density"": 0.0, ""intensifiers"": 0.0, ""threat"": 0.0, ""all_caps"": 0.0}"
1ic7vdt,https://old.reddit.com/r/PublicFreakout/comments/1ic7vdt/rule_1_of_this_subreddit_why_it_exists/,PublicFreakout,ohhyouknow,Rule 1 of this subreddit: why it exists.,Rule 1 of this subreddit: why it exists.,1738087544.0,en,0.0,low,language=en; score=0.00 (low); no explicit harmful keywords,"{""violent"": 0.0, ""hate"": 0.0, ""keyword_density"": 0.0, ""intensifiers"": 0.0, ""threat"": 0.0, ""all_caps"": 0.0}"
1p6towe,https://old.reddit.com/r/PublicFreakout/comments/1p6towe/daughter_refuses_to_stop_for_police_while_rushing/,PublicFreakout,misterxx1958,Daughter refuses to stop for police while rushing her mother to the hospital - than this happens….,Daughter refuses to stop for police while rushing her mother to the hospital - than this happens….,1764117663.0,en,0.0,low,language=en; score=0.00 (low); no explicit harmful keywords,"{""violent"": 0.0, ""hate"": 0.0, ""keyword_density"": 0.0, ""intensifiers"": 0.0, ""threat"": 0.0, ""all_caps"": 0.0}"
1p78ptd,https://old.reddit.com/r/PublicFreakout/comments/1p78ptd/angry_boomer_assaults_employee_over_refund/,PublicFreakout,Flashmemory256,Angry Boomer Assaults Employee Over Refund,Angry Boomer Assaults Employee Over Refund,1764166296.0,en,0.0,low,language=en; score=0.00 (low); no explicit harmful keywords,"{""violent"": 0.0, ""hate"": 0.0, ""keyword_density"": 0.0, ""intensifiers"": 0.0, ""threat"": 0.0, ""all_caps"": 0.0}"
1p70eap,https://old.reddit.com/r/PublicFreakout/comments/1p70eap/this_man_saves_an_entire_family_of_deer_stranded/,PublicFreakout,One-Pop-2885,This man saves an entire family of deer stranded on a frozen lake in Ontario,This man saves an entire family of deer stranded on a frozen lake in Ontario,1764137840.0,en,0.0,low,language=en; score=0.00 (low); no explicit harmful keywords,"{""violent"": 0.0, ""hate"": 0.0, ""keyword_density"": 0.0, ""intensifiers"": 0.0, ""threat"": 0.0, ""all_caps"": 0.0}"
1p6oqng,https://old.reddit.com/r/PublicFreakout/comments/1p6oqng/man_loses_his_mind_on_a_20_year_old_and_begins/,PublicFreakout,80000gvwr,Man loses his mind on a 20 year old and begins stumbling his words,Man loses his mind on a 20 year old and begins stumbling his words,1764105295.0,en,0.0,low,language=en; score=0.00 (low); no explicit harmful keywords,"{""violent"": 0.0, ""hate"": 0.0, ""keyword_density"": 0.0, ""intensifiers"": 0.0, ""threat"": 0.0, ""all_caps"": 0.0}"
1p786x7,https://old.reddit.com/r/PublicFreakout/comments/1p786x7/happening_now_in_st_paul/,PublicFreakout,InsideCharity4824,Happening Now in St Paul,Happening Now in St Paul,1764164966.0,en,0.0,low,language=en; score=0.00 (low); no explicit harmful keywords,"{""violent"": 0.0, ""hate"": 0.0, ""keyword_density"": 0.0, ""intensifiers"": 0.0, ""threat"": 0.0, ""all_caps"": 0.0}"
1p6hpvo,https://old.reddit.com/r/PublicFreakout/comments/1p6hpvo/israeli_police_assaulted_photojournalist_alaa/,PublicFreakout,rektitrolfff,"Israeli Police assaulted photojournalist Alaa Al-Sous 3 years, she was urged to file a complaint. Today she was informed Israel found the cop not guilty","Israeli Police assaulted photojournalist Alaa Al-Sous 3 years, she was urged to file a complaint. Today she was informed Israel found the cop not guilty",1764089777.0,en,0.0,low,language=en; score=0.00 (low); no explicit harmful keywords,"{""violent"": 0.0, ""hate"": 0.0, ""keyword_density"": 0.0, ""intensifiers"": 0.0, ""threat"": 0.0, ""all_caps"": 0.0}"
1p6qgod,https://old.reddit.com/r/PublicFreakout/comments/1p6qgod/ice_stopping_2_us_citizens_at_a_racially_based/,PublicFreakout,I_may_have_weed,"ICE stopping 2 US Citizens at a racially based checkpoint in Ontario, CA (11/25/25)","ICE stopping 2 US Citizens at a racially based checkpoint in Ontario, CA (11/25/25)",1764109331.0,en,0.023809523809523808,low,language=en; score=0.02 (low); allcaps=0.24; no explicit harmful keywords,"{""violent"": 0.0, ""hate"": 0.0, ""keyword_density"": 0.0, ""intensifiers"": 0.0, ""threat"": 0.0, ""all_caps"": 0.23809523809523808}"
1p6u9cp,https://old.reddit.com/r/PublicFreakout/comments/1p6u9cp/footage_of_ice_and_st_paul_mn_pd_brutalizing/,PublicFreakout,I_may_have_weed,"Footage of ICE and St. Paul, MN PD brutalizing community members after ICE abducted 2 of their neighbors. 8 people were hospitalized by chemical munitions and police beatings, including a journalist. (11/25/25)","Footage of ICE and St. Paul, MN PD brutalizing community members after ICE abducted 2 of their neighbors. 8 people were hospitalized by chemical munitions and police beatings, including a journalist. (11/25/25)",1764119207.0,en,0.020833333333333336,low,language=en; score=0.02 (low); allcaps=0.21; no explicit harmful keywords,"{""violent"": 0.0, ""hate"": 0.0, ""keyword_density"": 0.0, ""intensifiers"": 0.0, ""threat"": 0.0, ""all_caps"": 0.20833333333333334}"
1p6qumo,https://old.reddit.com/r/PublicFreakout/comments/1p6qumo/evangelical_fundamentalist_enoch_burke_rants/,PublicFreakout,SpottedAlpaca,"Evangelical fundamentalist Enoch Burke rants about ""transgender ideology"" while being arrested by Irish police for refusing to stay away from school","Evangelical fundamentalist Enoch Burke rants about ""transgender ideology"" while being arrested by Irish police for refusing to stay away from school",1764110271.0,en,0.0,low,language=en; score=0.00 (low); no explicit harmful keywords,"{""violent"": 0.0, ""hate"": 0.0, ""keyword_density"": 0.0, ""intensifiers"": 0.0, ""threat"": 0.0, ""all_caps"": 0.0}"
1p6muk6,https://old.reddit.com/r/PublicFreakout/comments/1p6muk6/off_duty_police_officer_demands_id_from_a_bus/,PublicFreakout,5pooky5cary5keleton5,"Off duty police officer demands ID from a bus driver after he was asked to move his car. The bus was full of passengers at the time. Pittsburgh, PA","Off duty police officer demands ID from a bus driver after he was asked to move his car. The bus was full of passengers at the time. Pittsburgh, PA",1764101000.0,en,0.0,low,language=en; score=0.00 (low); no explicit harmful keywords,"{""violent"": 0.0, ""hate"": 0.0, ""keyword_density"": 0.0, ""intensifiers"": 0.0, ""threat"": 0.0, ""all_caps"": 0.0}"
1p6tasb,https://old.reddit.com/r/PublicFreakout/comments/1p6tasb/crazy_girl_in_the_middle_of_the_road/,PublicFreakout,Particular_Parking_4,Crazy girl in the middle of the road,Crazy girl in the middle of the road,1764116599.0,en,0.0,low,language=en; score=0.00 (low); no explicit harmful keywords,"{""violent"": 0.0, ""hate"": 0.0, ""keyword_density"": 0.0, ""intensifiers"": 0.0, ""threat"": 0.0, ""all_caps"": 0.0}"
1p74nc3,https://old.reddit.com/r/PublicFreakout/comments/1p74nc3/she_confronts_him_for_following_her_daughter_he/,PublicFreakout,PatientZero_ASDK,"She confronts him for following her daughter, he slaps her.","She confronts him for following her daughter, he slaps her.",1764153865.0,en,0.0,low,language=en; score=0.00 (low); no explicit harmful keywords,"{""violent"": 0.0, ""hate"": 0.0, ""keyword_density"": 0.0, ""intensifiers"": 0.0, ""threat"": 0.0, ""all_caps"": 0.0}"
1p70wzi,https://old.reddit.com/r/PublicFreakout/comments/1p70wzi/security_guard_push_old_man_for_screaming_at_him/,PublicFreakout,CheekZestyclose3756,Security guard push old man for screaming at him,Security guard push old man for screaming at him,1764139695.0,en,0.0,low,language=en; score=0.00 (low); no explicit harmful keywords,"{""violent"": 0.0, ""hate"": 0.0, ""keyword_density"": 0.0, ""intensifiers"": 0.0, ""threat"": 0.0, ""all_caps"": 0.0}"
1p76euy,https://old.reddit.com/r/PublicFreakout/comments/1p76euy/when_traffic_stop_gets_heated_entitled_driver/,PublicFreakout,DrunkOrDumb,When traffic stop gets heated entitled driver refuses to comply,When traffic stop gets heated entitled driver refuses to comply,1764159918.0,en,0.0,low,language=en; score=0.00 (low); no explicit harmful keywords,"{""violent"": 0.0, ""hate"": 0.0, ""keyword_density"": 0.0, ""intensifiers"": 0.0, ""threat"": 0.0, ""all_caps"": 0.0}"
1p6ukih,https://old.reddit.com/r/PublicFreakout/comments/1p6ukih/harassing_fast_food_workers_classic_karen_pastime/,PublicFreakout,ohhyouknow,"Harassing fast food workers, classic Karen pastime.","Harassing fast food workers, classic Karen pastime.",1764120085.0,en,0.0,low,language=en; score=0.00 (low); no explicit harmful keywords,"{""violent"": 0.0, ""hate"": 0.0, ""keyword_density"": 0.0, ""intensifiers"": 0.0, ""threat"": 0.0, ""all_caps"": 0.0}"
1p6htsk,https://old.reddit.com/r/PublicFreakout/comments/1p6htsk/ice_in_west_valley_city_ut_are_abducting_parents/,PublicFreakout,I_may_have_weed,"ICE in West Valley City, UT are abducting parents as they drop their kids off to school, leaving the children abandoned without their parents (11/24/25)","ICE in West Valley City, UT are abducting parents as they drop their kids off to school, leaving the children abandoned without their parents (11/24/25)",1764090023.0,en,0.013333333333333334,low,language=en; score=0.01 (low); allcaps=0.13; no explicit harmful keywords,"{""violent"": 0.0, ""hate"": 0.0, ""keyword_density"": 0.0, ""intensifiers"": 0.0, ""threat"": 0.0, ""all_caps"": 0.13333333333333333}"
1p6f0z9,https://old.reddit.com/r/PublicFreakout/comments/1p6f0z9/woman_threatens_to_call_ice_on_couple/,PublicFreakout,tlama1997,Woman Threatens to Call ICE on Couple,Woman Threatens to Call ICE on Couple,1764083757.0,en,0.047619047619047616,low,language=en; score=0.05 (low); allcaps=0.48; no explicit harmful keywords,"{""violent"": 0.0, ""hate"": 0.0, ""keyword_density"": 0.0, ""intensifiers"": 0.0, ""threat"": 0.0, ""all_caps"": 0.47619047619047616}"
1p75sb8,https://old.reddit.com/r/PublicFreakout/comments/1p75sb8/truck_freakout_montevideo_uy/,PublicFreakout,ToothpasteOverdosed,"Truck freakout (Montevideo, UY)","Truck freakout (Montevideo, UY)",1764157907.0,en,0.0,low,language=en; score=0.00 (low); no explicit harmful keywords,"{""violent"": 0.0, ""hate"": 0.0, ""keyword_density"": 0.0, ""intensifiers"": 0.0, ""threat"": 0.0, ""all_caps"": 0.0}"
1p6w0ow,https://old.reddit.com/r/PublicFreakout/comments/1p6w0ow/cops_arrest_sober_college_football_player_leaving/,PublicFreakout,notagin-n-tonic,"Cops Arrest Sober College Football Player Leaving the Library, Gaslight the Public","Cops Arrest Sober College Football Player Leaving the Library, Gaslight the Public",1764124205.0,en,0.0,low,language=en; score=0.00 (low); no explicit harmful keywords,"{""violent"": 0.0, ""hate"": 0.0, ""keyword_density"": 0.0, ""intensifiers"": 0.0, ""threat"": 0.0, ""all_caps"": 0.0}"
1p6n5d9,https://old.reddit.com/r/PublicFreakout/comments/1p6n5d9/wild_crazy_fight/,PublicFreakout,Donz2432,Wild & Crazy Fight,Wild & Crazy Fight,1764101689.0,en,0.0,low,language=en; score=0.00 (low); no explicit harmful keywords,"{""violent"": 0.0, ""hate"": 0.0, ""keyword_density"": 0.0, ""intensifiers"": 0.0, ""threat"": 0.0, ""all_caps"": 0.0}"
1p6ni0o,https://old.reddit.com/r/PublicFreakout/comments/1p6ni0o/guy_tries_to_rob_a_store_and_the_entire_place/,PublicFreakout,Donz2432,Guy Tries To Rob A Store And The Entire Place Turns On Him,Guy Tries To Rob A Store And The Entire Place Turns On Him,1764102489.0,en,0.0,low,language=en; score=0.00 (low); no explicit harmful keywords,"{""violent"": 0.0, ""hate"": 0.0, ""keyword_density"": 0.0, ""intensifiers"": 0.0, ""threat"": 0.0, ""all_caps"": 0.0}"
1p652ad,https://old.reddit.com/r/PublicFreakout/comments/1p652ad/ice_agents_show_off_their_modern_day_trojan_horses/,PublicFreakout,tlama1997,ICE Agents Show Off Their Modern Day Trojan Horses,ICE Agents Show Off Their Modern Day Trojan Horses,1764051175.0,en,0.037037037037037035,low,language=en; score=0.04 (low); allcaps=0.37; no explicit harmful keywords,"{""violent"": 0.0, ""hate"": 0.0, ""keyword_density"": 0.0, ""intensifiers"": 0.0, ""threat"": 0.0, ""all_caps"": 0.37037037037037035}"
1p6azlq,https://old.reddit.com/r/PublicFreakout/comments/1p6azlq/she_just_wanted_a_burger_at_least_she_didnt_cry/,PublicFreakout,DaphDrax,She just wanted a burger... at least she didn't cry,She just wanted a burger... at least she didn't cry,1764073115.0,en,0.0,low,language=en; score=0.00 (low); no explicit harmful keywords,"{""violent"": 0.0, ""hate"": 0.0, ""keyword_density"": 0.0, ""intensifiers"": 0.0, ""threat"": 0.0, ""all_caps"": 0.0}"
1p5st8n,https://old.reddit.com/r/PublicFreakout/comments/1p5st8n/man_wins_more_than_13_million_at_a_casino_and/,PublicFreakout,KimJongFunk,Man wins more than $1.3 million at a casino and calls his mom to celebrate,Man wins more than $1.3 million at a casino and calls his mom to celebrate,1764017534.0,en,0.0,low,language=en; score=0.00 (low); no explicit harmful keywords,"{""violent"": 0.0, ""hate"": 0.0, ""keyword_density"": 0.0, ""intensifiers"": 0.0, ""threat"": 0.0, ""all_caps"": 0.0}"
1p6nkdx,https://old.reddit.com/r/PublicFreakout/comments/1p6nkdx/penalty_for_twerking_on_a_car_in_türkiye/,PublicFreakout,sedolil,Penalty for twerking on a car in Türkiye!,Penalty for twerking on a car in Türkiye!,1764102642.0,en,0.0,low,language=en; score=0.00 (low); no explicit harmful keywords,"{""violent"": 0.0, ""hate"": 0.0, ""keyword_density"": 0.0, ""intensifiers"": 0.0, ""threat"": 0.0, ""all_caps"": 0.0}"
1p65zjn,https://old.reddit.com/r/PublicFreakout/comments/1p65zjn/never_forget_when_steve_irwin_got_bitten_by_a/,PublicFreakout,One-Pop-2885,"Never forget when Steve Irwin got bitten by a snake on TV live and laughed instead of panicking, 1991.","Never forget when Steve Irwin got bitten by a snake on TV live and laughed instead of panicking, 1991.",1764054521.0,en,0.0,low,language=en; score=0.00 (low); no explicit harmful keywords,"{""violent"": 0.0, ""hate"": 0.0, ""keyword_density"": 0.0, ""intensifiers"": 0.0, ""threat"": 0.0, ""all_caps"": 0.0}"
1p5moz5,https://old.reddit.com/r/PublicFreakout/comments/1p5moz5/woman_deported_from_maryland_seen_on_video_being/,PublicFreakout,No_Cheetah_8863,"Woman Deported From Maryland Seen on Video Being Dragged in Ghana After ICE Deported Her, She Fled Sierra Leone Because There Was a Civil War There 30 Years Ago","Woman Deported From Maryland Seen on Video Being Dragged in Ghana After ICE Deported Her, She Fled Sierra Leone Because There Was a Civil War There 30 Years Ago",1764004069.0,en,0.011494252873563218,low,language=en; score=0.01 (low); allcaps=0.11; no explicit harmful keywords,"{""violent"": 0.0, ""hate"": 0.0, ""keyword_density"": 0.0, ""intensifiers"": 0.0, ""threat"": 0.0, ""all_caps"": 0.11494252873563218}"
1p66ohl,https://old.reddit.com/r/PublicFreakout/comments/1p66ohl/drunk_karen_crashes_out_at_the_bar/,PublicFreakout,derek4reals1,Drunk Karen crashes out at the bar,Drunk Karen crashes out at the bar,1764057184.0,en,0.0,low,language=en; score=0.00 (low); no explicit harmful keywords,"{""violent"": 0.0, ""hate"": 0.0, ""keyword_density"": 0.0, ""intensifiers"": 0.0, ""threat"": 0.0, ""all_caps"": 0.0}"
1p58b4q,https://old.reddit.com/r/unpopularopinion/comments/1p58b4q/popular_topics_megahub/,unpopularopinion,AutoModerator,Popular Topics Mega-Hub,Popular Topics Mega-Hub,1763960542.0,ca,0.0,low,language=ca; score=0.00 (low); no explicit harmful keywords,"{""violent"": 0.0, ""hate"": 0.0, ""keyword_density"": 0.0, ""intensifiers"": 0.0, ""threat"": 0.0, ""all_caps"": 0.0}"
1p74juo,https://old.reddit.com/r/unpopularopinion/comments/1p74juo/listening_to_books_doenst_count_as_reading/,unpopularopinion,Ok-Lingonberry3680,listening to books doens't count as reading,listening to books doens't count as reading,1764153516.0,en,0.0,low,language=en; score=0.00 (low); no explicit harmful keywords,"{""violent"": 0.0, ""hate"": 0.0, ""keyword_density"": 0.0, ""intensifiers"": 0.0, ""threat"": 0.0, ""all_caps"": 0.0}"
1p789yu,https://old.reddit.com/r/unpopularopinion/comments/1p789yu/if_you_do_coke_you_are_directly_contributing_to/,unpopularopinion,ultimate_bromance_69,"If you do coke, you are directly contributing to the Cartels","If you do coke, you are directly contributing to the Cartels",1764165189.0,en,0.0,low,language=en; score=0.00 (low); no explicit harmful keywords,"{""violent"": 0.0, ""hate"": 0.0, ""keyword_density"": 0.0, ""intensifiers"": 0.0, ""threat"": 0.0, ""all_caps"": 0.0}"
1p6ptpu,https://old.reddit.com/r/unpopularopinion/comments/1p6ptpu/the_food_industry_should_not_be_allowed_to/,unpopularopinion,Huge-Particular8953,The food industry should not be allowed to advertise using props instead of real products,The food industry should not be allowed to advertise using props instead of real products,1764107842.0,en,0.0,low,language=en; score=0.00 (low); no explicit harmful keywords,"{""violent"": 0.0, ""hate"": 0.0, ""keyword_density"": 0.0, ""intensifiers"": 0.0, ""threat"": 0.0, ""all_caps"": 0.0}"
1p717w5,https://old.reddit.com/r/unpopularopinion/comments/1p717w5/a_world_without_suffering_is_fine_even_if_its/,unpopularopinion,Exact_Approximate,A world without suffering is fine even if it's boring,A world without suffering is fine even if it's boring,1764140746.0,en,0.0,low,language=en; score=0.00 (low); no explicit harmful keywords,"{""violent"": 0.0, ""hate"": 0.0, ""keyword_density"": 0.0, ""intensifiers"": 0.0, ""threat"": 0.0, ""all_caps"": 0.0}"
1p69o8y,https://old.reddit.com/r/unpopularopinion/comments/1p69o8y/hip_hop_concerts_are_the_worst_kind_to_attend_to/,unpopularopinion,Affectionate-Yam-113,Hip Hop concerts are the worst kind to attend to.,Hip Hop concerts are the worst kind to attend to.,1764068676.0,en,0.0,low,language=en; score=0.00 (low); no explicit harmful keywords,"{""violent"": 0.0, ""hate"": 0.0, ""keyword_density"": 0.0, ""intensifiers"": 0.0, ""threat"": 0.0, ""all_caps"": 0.0}"
1p6xtlk,https://old.reddit.com/r/unpopularopinion/comments/1p6xtlk/friends_deserve_to_be_broken_up_with/,unpopularopinion,sufferin_succotashhh,friends deserve to be broken up with,friends deserve to be broken up with,1764129533.0,en,0.0,low,language=en; score=0.00 (low); no explicit harmful keywords,"{""violent"": 0.0, ""hate"": 0.0, ""keyword_density"": 0.0, ""intensifiers"": 0.0, ""threat"": 0.0, ""all_caps"": 0.0}"
1p6qusy,https://old.reddit.com/r/unpopularopinion/comments/1p6qusy/we_should_move_thanksgiving_to_sept_or_oct/,unpopularopinion,lfthoia,We should move Thanksgiving to Sept or Oct,We should move Thanksgiving to Sept or Oct,1764110282.0,en,0.0,low,language=en; score=0.00 (low); no explicit harmful keywords,"{""violent"": 0.0, ""hate"": 0.0, ""keyword_density"": 0.0, ""intensifiers"": 0.0, ""threat"": 0.0, ""all_caps"": 0.0}"
1p6zof3,https://old.reddit.com/r/unpopularopinion/comments/1p6zof3/mozzarella_sticks_taste_way_better_after_theyve/,unpopularopinion,williamasmith7233,Mozzarella sticks taste way better after they’ve cooled and the cheese has hardened.,Mozzarella sticks taste way better after they’ve cooled and the cheese has hardened.,1764135392.0,en,0.0,low,language=en; score=0.00 (low); no explicit harmful keywords,"{""violent"": 0.0, ""hate"": 0.0, ""keyword_density"": 0.0, ""intensifiers"": 0.0, ""threat"": 0.0, ""all_caps"": 0.0}"
1p6u9j7,https://old.reddit.com/r/unpopularopinion/comments/1p6u9j7/baking_is_easier_than_cooking/,unpopularopinion,Wholesome-Energy,Baking is easier than Cooking,Baking is easier than Cooking,1764119222.0,en,0.0,low,language=en; score=0.00 (low); no explicit harmful keywords,"{""violent"": 0.0, ""hate"": 0.0, ""keyword_density"": 0.0, ""intensifiers"": 0.0, ""threat"": 0.0, ""all_caps"": 0.0}"
1p79hkc,https://old.reddit.com/r/unpopularopinion/comments/1p79hkc/the_glowups_that_some_people_post_and_claim_are/,unpopularopinion,psyduchessquack,The glow-ups that some people post and claim are 100% gym and healthy eating are Ozempic or something similar.,The glow-ups that some people post and claim are 100% gym and healthy eating are Ozempic or something similar.,1764168216.0,en,0.0,low,language=en; score=0.00 (low); no explicit harmful keywords,"{""violent"": 0.0, ""hate"": 0.0, ""keyword_density"": 0.0, ""intensifiers"": 0.0, ""threat"": 0.0, ""all_caps"": 0.0}"
1p6p54v,https://old.reddit.com/r/unpopularopinion/comments/1p6p54v/i_think_every_school_zone_should_have_speeding/,unpopularopinion,BrightLights1998,I think every school zone should have speeding cameras and part of all tickets should go to the schools,I think every school zone should have speeding cameras and part of all tickets should go to the schools,1764106228.0,en,0.0,low,language=en; score=0.00 (low); no explicit harmful keywords,"{""violent"": 0.0, ""hate"": 0.0, ""keyword_density"": 0.0, ""intensifiers"": 0.0, ""threat"": 0.0, ""all_caps"": 0.0}"
1p6dltv,https://old.reddit.com/r/unpopularopinion/comments/1p6dltv/walking_across_the_stage_at_graduation_is_a/,unpopularopinion,Current-Umpire3673,Walking across the stage at graduation is a complete waste of money and time,Walking across the stage at graduation is a complete waste of money and time,1764080360.0,en,0.0,low,language=en; score=0.00 (low); no explicit harmful keywords,"{""violent"": 0.0, ""hate"": 0.0, ""keyword_density"": 0.0, ""intensifiers"": 0.0, ""threat"": 0.0, ""all_caps"": 0.0}"
1p796bi,https://old.reddit.com/r/unpopularopinion/comments/1p796bi/the_gap_is_the_best_value_fast_fashion_store/,unpopularopinion,thrway-fatpos,The Gap is the best value fast fashion store,The Gap is the best value fast fashion store,1764167439.0,en,0.0,low,language=en; score=0.00 (low); no explicit harmful keywords,"{""violent"": 0.0, ""hate"": 0.0, ""keyword_density"": 0.0, ""intensifiers"": 0.0, ""threat"": 0.0, ""all_caps"": 0.0}"
1p6624b,https://old.reddit.com/r/unpopularopinion/comments/1p6624b/there_is_such_thing_as_bad_dogs_with_good_owners/,unpopularopinion,Practical_Loss4251,There is such thing as bad dogs with good owners.,There is such thing as bad dogs with good owners.,1764054801.0,en,0.0,low,language=en; score=0.00 (low); no explicit harmful keywords,"{""violent"": 0.0, ""hate"": 0.0, ""keyword_density"": 0.0, ""intensifiers"": 0.0, ""threat"": 0.0, ""all_caps"": 0.0}"
1p78a1g,https://old.reddit.com/r/unpopularopinion/comments/1p78a1g/12_years_a_slave_was_not_that_special/,unpopularopinion,Elegant-Music2239,12 Years a Slave was not that special,12 Years a Slave was not that special,1764165194.0,en,0.0,low,language=en; score=0.00 (low); no explicit harmful keywords,"{""violent"": 0.0, ""hate"": 0.0, ""keyword_density"": 0.0, ""intensifiers"": 0.0, ""threat"": 0.0, ""all_caps"": 0.0}"
1p6dyrm,https://old.reddit.com/r/unpopularopinion/comments/1p6dyrm/remote_controls_for_smart_tvs_should_have/,unpopularopinion,uselessprofession,Remote controls for smart TVs should have keyboards on them,Remote controls for smart TVs should have keyboards on them,1764081224.0,en,0.0,low,language=en; score=0.00 (low); no explicit harmful keywords,"{""violent"": 0.0, ""hate"": 0.0, ""keyword_density"": 0.0, ""intensifiers"": 0.0, ""threat"": 0.0, ""all_caps"": 0.0}"
1p78cus,https://old.reddit.com/r/unpopularopinion/comments/1p78cus/i_love_bus_rides_and_will_sometimes_take_a_longer/,unpopularopinion,Ari321983,I love bus rides and will sometimes take a longer route just to give time to decompress,I love bus rides and will sometimes take a longer route just to give time to decompress,1764165393.0,en,0.0,low,language=en; score=0.00 (low); no explicit harmful keywords,"{""violent"": 0.0, ""hate"": 0.0, ""keyword_density"": 0.0, ""intensifiers"": 0.0, ""threat"": 0.0, ""all_caps"": 0.0}"
1p5rgmc,https://old.reddit.com/r/unpopularopinion/comments/1p5rgmc/keyless_cars_are_dumb/,unpopularopinion,findersface,Keyless Cars are Dumb,Keyless Cars are Dumb,1764014509.0,en,0.0,low,language=en; score=0.00 (low); no explicit harmful keywords,"{""violent"": 0.0, ""hate"": 0.0, ""keyword_density"": 0.0, ""intensifiers"": 0.0, ""threat"": 0.0, ""all_caps"": 0.0}"
1p696s5,https://old.reddit.com/r/unpopularopinion/comments/1p696s5/spending_500_on_a_monitor_but_sitting_in_a_50/,unpopularopinion,Lovettadulcet,Spending $500 on a monitor but sitting in a $50 chair is backwards,Spending $500 on a monitor but sitting in a $50 chair is backwards,1764066934.0,en,0.0,low,language=en; score=0.00 (low); no explicit harmful keywords,"{""violent"": 0.0, ""hate"": 0.0, ""keyword_density"": 0.0, ""intensifiers"": 0.0, ""threat"": 0.0, ""all_caps"": 0.0}"
1p5z4uf,https://old.reddit.com/r/unpopularopinion/comments/1p5z4uf/training_abs_is_worse_than_training_legs/,unpopularopinion,Finalcial_Smiler,Training abs is worse than training legs.,Training abs is worse than training legs.,1764033151.0,en,0.0,low,language=en; score=0.00 (low); no explicit harmful keywords,"{""violent"": 0.0, ""hate"": 0.0, ""keyword_density"": 0.0, ""intensifiers"": 0.0, ""threat"": 0.0, ""all_caps"": 0.0}"
1p78e4e,https://old.reddit.com/r/unpopularopinion/comments/1p78e4e/10_charge_on_every_article_of_new_clothes_being/,unpopularopinion,DiskoB0,€10 charge on every article of new clothes being sold is a must,€10 charge on every article of new clothes being sold is a must,1764165487.0,en,0.0,low,language=en; score=0.00 (low); no explicit harmful keywords,"{""violent"": 0.0, ""hate"": 0.0, ""keyword_density"": 0.0, ""intensifiers"": 0.0, ""threat"": 0.0, ""all_caps"": 0.0}"
1p62d7t,https://old.reddit.com/r/unpopularopinion/comments/1p62d7t/plain_pound_cake_paired_with_nothing_is_the_best/,unpopularopinion,CerealAndBagel1991,Plain pound cake paired with nothing is the best cake,Plain pound cake paired with nothing is the best cake,1764042387.0,en,0.0,low,language=en; score=0.00 (low); no explicit harmful keywords,"{""violent"": 0.0, ""hate"": 0.0, ""keyword_density"": 0.0, ""intensifiers"": 0.0, ""threat"": 0.0, ""all_caps"": 0.0}"
1p78o8x,https://old.reddit.com/r/unpopularopinion/comments/1p78o8x/firefox_browser_is_substantially_behind_the_curve/,unpopularopinion,the_white_oak,Firefox browser is substantially behind the curve options and so many users seem oblivious to this,Firefox browser is substantially behind the curve options and so many users seem oblivious to this,1764166183.0,en,0.03333333333333333,low,language=en; score=0.03 (low); intensifiers=2; no explicit harmful keywords,"{""violent"": 0.0, ""hate"": 0.0, ""keyword_density"": 0.0, ""intensifiers"": 0.6666666666666666, ""threat"": 0.0, ""all_caps"": 0.0}"
1p78g7m,https://old.reddit.com/r/unpopularopinion/comments/1p78g7m/professional_massages_feel_awful_and_are_worse/,unpopularopinion,waldfield,Professional massages feel awful and are worse than massages from clueless amateurs,Professional massages feel awful and are worse than massages from clueless amateurs,1764165632.0,en,0.0,low,language=en; score=0.00 (low); no explicit harmful keywords,"{""violent"": 0.0, ""hate"": 0.0, ""keyword_density"": 0.0, ""intensifiers"": 0.0, ""threat"": 0.0, ""all_caps"": 0.0}"
1p5xiq7,https://old.reddit.com/r/unpopularopinion/comments/1p5xiq7/jeans_and_shorts_should_be_allowed_in_all/,unpopularopinion,At_Work_Account_Syn,Jeans and shorts should be allowed in all business casual work places as long as they are clean and not torn,Jeans and shorts should be allowed in all business casual work places as long as they are clean and not torn,1764028845.0,en,0.0,low,language=en; score=0.00 (low); no explicit harmful keywords,"{""violent"": 0.0, ""hate"": 0.0, ""keyword_density"": 0.0, ""intensifiers"": 0.0, ""threat"": 0.0, ""all_caps"": 0.0}"
1p5pzja,https://old.reddit.com/r/unpopularopinion/comments/1p5pzja/graphic_novel_covers_shouldnt_be_illustrated_by/,unpopularopinion,JonJurgenstein,Graphic novel covers shouldn't be illustrated by someone different than the illustrator of the actual book,Graphic novel covers shouldn't be illustrated by someone different than the illustrator of the actual book,1764011218.0,en,0.0,low,language=en; score=0.00 (low); no explicit harmful keywords,"{""violent"": 0.0, ""hate"": 0.0, ""keyword_density"": 0.0, ""intensifiers"": 0.0, ""threat"": 0.0, ""all_caps"": 0.0}"
1p777cg,https://old.reddit.com/r/unpopularopinion/comments/1p777cg/spelunkers_are_not_entitled_to_a_rescue/,unpopularopinion,Weary_Still_2438,Spelunkers are not entitled to a rescue.,Spelunkers are not entitled to a rescue.,1764162225.0,en,0.0,low,language=en; score=0.00 (low); no explicit harmful keywords,"{""violent"": 0.0, ""hate"": 0.0, ""keyword_density"": 0.0, ""intensifiers"": 0.0, ""threat"": 0.0, ""all_caps"": 0.0}"
1p78u2h,https://old.reddit.com/r/unpopularopinion/comments/1p78u2h/europe_is_not_a_very_good_travel_destination/,unpopularopinion,Dreadsin,Europe is not a very good travel destination,Europe is not a very good travel destination,1764166592.0,en,0.03333333333333333,low,language=en; score=0.03 (low); intensifiers=2; no explicit harmful keywords,"{""violent"": 0.0, ""hate"": 0.0, ""keyword_density"": 0.0, ""intensifiers"": 0.6666666666666666, ""threat"": 0.0, ""all_caps"": 0.0}"
1p72e4k,https://old.reddit.com/r/unpopularopinion/comments/1p72e4k/you_arent_apart_of_your_favorite_sport/,unpopularopinion,Iguesswhateverr,You aren't apart of your favorite sport organization,You aren't apart of your favorite sport organization,1764145073.0,en,0.0,low,language=en; score=0.00 (low); no explicit harmful keywords,"{""violent"": 0.0, ""hate"": 0.0, ""keyword_density"": 0.0, ""intensifiers"": 0.0, ""threat"": 0.0, ""all_caps"": 0.0}"
1p3lsmr,https://old.reddit.com/r/Palestine/comments/1p3lsmr/palestine_weekly_discussion_thread_november_22/,Palestine,AutoModerator,"Palestine - Weekly Discussion Thread | November 22, 2025","Palestine - Weekly Discussion Thread | November 22, 2025",1763791274.0,en,0.0,low,language=en; score=0.00 (low); no explicit harmful keywords,"{""violent"": 0.0, ""hate"": 0.0, ""keyword_density"": 0.0, ""intensifiers"": 0.0, ""threat"": 0.0, ""all_caps"": 0.0}"
1p760xx,https://old.reddit.com/r/Palestine/comments/1p760xx/amputee_medical_services_in_gaza_are_considered/,Palestine,Scared_Positive_8690,Amputee medical services in Gaza are considered support for Hamas. There is no rock bottom for the Zionists.,Amputee medical services in Gaza are considered support for Hamas. There is no rock bottom for the Zionists.,1764158706.0,en,0.0,low,language=en; score=0.00 (low); no explicit harmful keywords,"{""violent"": 0.0, ""hate"": 0.0, ""keyword_density"": 0.0, ""intensifiers"": 0.0, ""threat"": 0.0, ""all_caps"": 0.0}"
1p73lpg,https://old.reddit.com/r/Palestine/comments/1p73lpg/israeli_soldiers_assault_a_palestinian_woman_near/,Palestine,GuyWhoConquers616,Israeli soldiers assault a Palestinian Woman near Al-Aqsa for no reason,Israeli soldiers assault a Palestinian Woman near Al-Aqsa for no reason,1764149944.0,en,0.0,low,language=en; score=0.00 (low); no explicit harmful keywords,"{""violent"": 0.0, ""hate"": 0.0, ""keyword_density"": 0.0, ""intensifiers"": 0.0, ""threat"": 0.0, ""all_caps"": 0.0}"
1p78tpm,https://old.reddit.com/r/Palestine/comments/1p78tpm/israeli_academic_leaders_clearly_believe_that/,Palestine,Scared_Positive_8690,"Israeli academic leaders clearly believe that with the ‘ceasefire’, the country’s stain will be magically washed away. The denial runs deep. Keep up the boycott!","Israeli academic leaders clearly believe that with the ‘ceasefire’, the country’s stain will be magically washed away. The denial runs deep. Keep up the boycott!",1764166570.0,en,0.0,low,language=en; score=0.00 (low); no explicit harmful keywords,"{""violent"": 0.0, ""hate"": 0.0, ""keyword_density"": 0.0, ""intensifiers"": 0.0, ""threat"": 0.0, ""all_caps"": 0.0}"
1p780i8,https://old.reddit.com/r/Palestine/comments/1p780i8/im_in_love_with_her_voice_words/,Palestine,koko_baby,I’m in love with her voice & words,I’m in love with her voice & words,1764164489.0,en,0.0,low,language=en; score=0.00 (low); no explicit harmful keywords,"{""violent"": 0.0, ""hate"": 0.0, ""keyword_density"": 0.0, ""intensifiers"": 0.0, ""threat"": 0.0, ""all_caps"": 0.0}"
1p70ehx,https://old.reddit.com/r/Palestine/comments/1p70ehx/israel_has_committed_497_ceasefire_violations/,Palestine,Constant-Site3776,"Israel Has Committed 497 Ceasefire Violations Since October, Killing 342 Palestinians","Israel Has Committed 497 Ceasefire Violations Since October, Killing 342 Palestinians",1764137861.0,en,0.3363636363636363,low,language=en; score=0.34 (low); violent=2 (killing); density=0.91,"{""violent"": 0.6666666666666666, ""hate"": 0.0, ""keyword_density"": 0.9090909090909091, ""intensifiers"": 0.0, ""threat"": 0.0, ""all_caps"": 0.0}"
1p767f6,https://old.reddit.com/r/Palestine/comments/1p767f6/palestine_beats_libya_to_qualify_for_arab_cup/,Palestine,mycointelproromance,"Palestine beats Libya to qualify for Arab Cup, ‘brings joy’ to its people","Palestine beats Libya to qualify for Arab Cup, ‘brings joy’ to its people",1764159273.0,en,0.0,low,language=en; score=0.00 (low); no explicit harmful keywords,"{""violent"": 0.0, ""hate"": 0.0, ""keyword_density"": 0.0, ""intensifiers"": 0.0, ""threat"": 0.0, ""all_caps"": 0.0}"
1p6jalp,https://old.reddit.com/r/Palestine/comments/1p6jalp/while_arrested_under_the_terrorism_act_and_being/,Palestine,Scared_Positive_8690,"While arrested under the Terrorism Act and being searched, this woman puts her thoughts to camera very concisely. She was arrested yesterday outside the UK Home Office along with dozens of others for holding a sign with the words “I oppose genocide - I support Palestine Action” written on it.","While arrested under the Terrorism Act and being searched, this woman puts her thoughts to camera very concisely. She was arrested yesterday outside the UK Home Office along with dozens of others for holding a sign with the words “I oppose genocide - I support Palestine Action” written on it.",1764093247.0,en,0.3945578231292517,low,"language=en; score=0.39 (low); violent=4 (genocide, terrorism); intensifiers=2; density=0.41","{""violent"": 1.0, ""hate"": 0.0, ""keyword_density"": 0.4081632653061224, ""intensifiers"": 0.6666666666666666, ""threat"": 0.0, ""all_caps"": 0.0}"
1p6j4cr,https://old.reddit.com/r/Palestine/comments/1p6j4cr/palestine_prisoners_media_has_documented_the/,Palestine,Scared_Positive_8690,"Palestine Prisoners Media has documented the testimony of a Palestinian man released from inside the Israeli prison system where he describes being forced to sleep 10-12 nights inside what’s known as the “coffin”, a narrow iron cage, where he was “connected to a small tube through which he was fed.","Palestine Prisoners Media has documented the testimony of a Palestinian man released from inside the Israeli prison system where he describes being forced to sleep 10-12 nights inside what’s known as the “coffin”, a narrow iron cage, where he was “connected to a small tube through which he was fed.",1764092868.0,en,0.0,low,language=en; score=0.00 (low); no explicit harmful keywords,"{""violent"": 0.0, ""hate"": 0.0, ""keyword_density"": 0.0, ""intensifiers"": 0.0, ""threat"": 0.0, ""all_caps"": 0.0}"
1p6xd2m,https://old.reddit.com/r/Palestine/comments/1p6xd2m/toronto_contractor_who_drove_plow_through/,Palestine,rj_yul,"Toronto contractor who drove plow through Palestinian protesters posted Islamophobic, anti-protest content on social media. Employer issued one-day suspension.","Toronto contractor who drove plow through Palestinian protesters posted Islamophobic, anti-protest content on social media. Employer issued one-day suspension.",1764128139.0,en,0.0,low,language=en; score=0.00 (low); no explicit harmful keywords,"{""violent"": 0.0, ""hate"": 0.0, ""keyword_density"": 0.0, ""intensifiers"": 0.0, ""threat"": 0.0, ""all_caps"": 0.0}"
1p71or5,https://old.reddit.com/r/Palestine/comments/1p71or5/this_is_what_the_unbiased_western_media_looks_like/,Palestine,NothingButTruth3,"This is what the ""unbiased western media"" looks like","This is what the ""unbiased western media"" looks like",1764142446.0,en,0.0,low,language=en; score=0.00 (low); no explicit harmful keywords,"{""violent"": 0.0, ""hate"": 0.0, ""keyword_density"": 0.0, ""intensifiers"": 0.0, ""threat"": 0.0, ""all_caps"": 0.0}"
1p6ygta,https://old.reddit.com/r/Palestine/comments/1p6ygta/instagrams_new_algorithm_feature_youre_not/,Palestine,Sanguine_Spirit,"Instagrams new algorithm feature - you're not allowed to request to see more reels on Palestine, but are allowed to request to see less.","Instagrams new algorithm feature - you're not allowed to request to see more reels on Palestine, but are allowed to request to see less.",1764131527.0,en,0.0,low,language=en; score=0.00 (low); no explicit harmful keywords,"{""violent"": 0.0, ""hate"": 0.0, ""keyword_density"": 0.0, ""intensifiers"": 0.0, ""threat"": 0.0, ""all_caps"": 0.0}"
1p725kg,https://old.reddit.com/r/Palestine/comments/1p725kg/why_we_must_keep_speaking_up/,Palestine,nlzza,Why we must keep speaking up!,Why we must keep speaking up!,1764144183.0,af,0.0,low,language=af; score=0.00 (low); no explicit harmful keywords,"{""violent"": 0.0, ""hate"": 0.0, ""keyword_density"": 0.0, ""intensifiers"": 0.0, ""threat"": 0.0, ""all_caps"": 0.0}"
1p6j2cd,https://old.reddit.com/r/Palestine/comments/1p6j2cd/cctv_footage_shows_israeli_settlers_breaking_into/,Palestine,Scared_Positive_8690,"CCTV footage shows Israeli settlers breaking into and vandalising a house in Ramallah, occupied West Bank.⁠","CCTV footage shows Israeli settlers breaking into and vandalising a house in Ramallah, occupied West Bank.⁠",1764092745.0,en,0.020833333333333336,low,language=en; score=0.02 (low); allcaps=0.21; no explicit harmful keywords,"{""violent"": 0.0, ""hate"": 0.0, ""keyword_density"": 0.0, ""intensifiers"": 0.0, ""threat"": 0.0, ""all_caps"": 0.20833333333333334}"
1p6d8yn,https://old.reddit.com/r/Palestine/comments/1p6d8yn/israels_defenders_its_not_a_genocide_israelis_i/,Palestine,RickyOzzy,"Israel’s defenders: ""It’s not a genocide"" Israelis: ""I want to exterminate all Palestinians""","Israel’s defenders: ""It’s not a genocide"" Israelis: ""I want to exterminate all Palestinians""",1764079446.0,en,0.3,low,language=en; score=0.30 (low); violent=2 (genocide); density=0.67,"{""violent"": 0.6666666666666666, ""hate"": 0.0, ""keyword_density"": 0.6666666666666666, ""intensifiers"": 0.0, ""threat"": 0.0, ""all_caps"": 0.0}"
1p6gq3e,https://old.reddit.com/r/Palestine/comments/1p6gq3e/miss_palestine_slams_miss_universe_app_after/,Palestine,leandros-kaito,"Miss Palestine Slams Miss Universe App After 20,000 Votes Surge in Two Minutes","Miss Palestine Slams Miss Universe App After 20,000 Votes Surge in Two Minutes",1764087564.0,en,0.0,low,language=en; score=0.00 (low); no explicit harmful keywords,"{""violent"": 0.0, ""hate"": 0.0, ""keyword_density"": 0.0, ""intensifiers"": 0.0, ""threat"": 0.0, ""all_caps"": 0.0}"
1p6hspf,https://old.reddit.com/r/Palestine/comments/1p6hspf/a_recent_large_influx_of_mobile_phones_into_the/,Palestine,melissamcard,"A recent large influx of mobile phones into the Gaza Strip may have an underlying motive, with reports indicating some Samsung A17 models are malfunctioning and exploding in residents' hands. X user in Gaza, Omar Hamad, cited at least two reported explosion incidents within two days.","A recent large influx of mobile phones into the Gaza Strip may have an underlying motive, with reports indicating some Samsung A17 models are malfunctioning and exploding in residents' hands. X user in Gaza, Omar Hamad, cited at least two reported explosion incidents within two days.",1764089954.0,en,0.0,low,language=en; score=0.00 (low); no explicit harmful keywords,"{""violent"": 0.0, ""hate"": 0.0, ""keyword_density"": 0.0, ""intensifiers"": 0.0, ""threat"": 0.0, ""all_caps"": 0.0}"
1p6s5k7,https://old.reddit.com/r/Palestine/comments/1p6s5k7/go_to_palestine_a_report_from_the_ground/,Palestine,Lilyo,Go to Palestine: A Report From the Ground,Go to Palestine: A Report From the Ground,1764113574.0,en,0.0,low,language=en; score=0.00 (low); no explicit harmful keywords,"{""violent"": 0.0, ""hate"": 0.0, ""keyword_density"": 0.0, ""intensifiers"": 0.0, ""threat"": 0.0, ""all_caps"": 0.0}"
1p78zyp,https://old.reddit.com/r/Palestine/comments/1p78zyp/prime_minister_holds_coordination_meeting_with/,Palestine,CommissionOrganic350,Prime Minister holds coordination meeting with representatives of several countries and Int’l organizations on Gaza relief and recovery,Prime Minister holds coordination meeting with representatives of several countries and Int’l organizations on Gaza relief and recovery,1764167001.0,en,0.0,low,language=en; score=0.00 (low); no explicit harmful keywords,"{""violent"": 0.0, ""hate"": 0.0, ""keyword_density"": 0.0, ""intensifiers"": 0.0, ""threat"": 0.0, ""all_caps"": 0.0}"
1p6as2h,https://old.reddit.com/r/Palestine/comments/1p6as2h/the_only_democracy_in_the_middle_east/,Palestine,Scared_Positive_8690,The “only democracy in the Middle East”,The “only democracy in the Middle East”,1764072475.0,en,0.0,low,language=en; score=0.00 (low); no explicit harmful keywords,"{""violent"": 0.0, ""hate"": 0.0, ""keyword_density"": 0.0, ""intensifiers"": 0.0, ""threat"": 0.0, ""all_caps"": 0.0}"
1p6qkxk,https://old.reddit.com/r/Palestine/comments/1p6qkxk/gaza_flooded_israeli_genocide_left_no_shelter_for/,Palestine,mahfoud202_,Gaza flooded: Israeli genocide left no shelter for winter,Gaza flooded: Israeli genocide left no shelter for winter,1764109612.0,en,0.35,low,language=en; score=0.35 (low); violent=2 (genocide); density=1.00,"{""violent"": 0.6666666666666666, ""hate"": 0.0, ""keyword_density"": 1.0, ""intensifiers"": 0.0, ""threat"": 0.0, ""all_caps"": 0.0}"
1p67a9o,https://old.reddit.com/r/Palestine/comments/1p67a9o/zionists_claim_that_only_palestinians_who/,Palestine,Scared_Positive_8690,Zionists claim that only Palestinians who actually live in Palestine should post about Gaza and the diaspora accounts are fake while they also cry to Elon about Twitter showing Palestine as a real location.,Zionists claim that only Palestinians who actually live in Palestine should post about Gaza and the diaspora accounts are fake while they also cry to Elon about Twitter showing Palestine as a real location.,1764059506.0,en,0.0,low,language=en; score=0.00 (low); no explicit harmful keywords,"{""violent"": 0.0, ""hate"": 0.0, ""keyword_density"": 0.0, ""intensifiers"": 0.0, ""threat"": 0.0, ""all_caps"": 0.0}"
1p6nf73,https://old.reddit.com/r/Palestine/comments/1p6nf73/palestinians_develop_app_to_navigate_hundreds_of/,Palestine,melissamcard,Palestinians develop app to navigate hundreds of Israeli checkpoints in ...,Palestinians develop app to navigate hundreds of Israeli checkpoints in ...,1764102312.0,en,0.0,low,language=en; score=0.00 (low); no explicit harmful keywords,"{""violent"": 0.0, ""hate"": 0.0, ""keyword_density"": 0.0, ""intensifiers"": 0.0, ""threat"": 0.0, ""all_caps"": 0.0}"
1p6h9zl,https://old.reddit.com/r/Palestine/comments/1p6h9zl/now_what_the_kentucky_fried_finger_lickin_clucked/,Palestine,ghostkidrit64,Now what the Kentucky Fried Finger Lickin’ Clucked up crap is this!?!?,Now what the Kentucky Fried Finger Lickin’ Clucked up crap is this!?!?,1764088809.0,en,0.0,low,language=en; score=0.00 (low); no explicit harmful keywords,"{""violent"": 0.0, ""hate"": 0.0, ""keyword_density"": 0.0, ""intensifiers"": 0.0, ""threat"": 0.0, ""all_caps"": 0.0}"
1p6rbcm,https://old.reddit.com/r/Palestine/comments/1p6rbcm/israelpremier_tech_rebranded_after_takeover_by/,Palestine,lavastorm,Israel-Premier Tech rebranded after takeover by Andres Iniesta’s company,Israel-Premier Tech rebranded after takeover by Andres Iniesta’s company,1764111438.0,en,0.0,low,language=en; score=0.00 (low); no explicit harmful keywords,"{""violent"": 0.0, ""hate"": 0.0, ""keyword_density"": 0.0, ""intensifiers"": 0.0, ""threat"": 0.0, ""all_caps"": 0.0}"
1p799xr,https://old.reddit.com/r/Palestine/comments/1p799xr/trapped_in_gazas_void_palestinians_fight_to/,Palestine,melissamcard,Trapped in Gaza’s Void: Palestinians Fight to Survive Ongoing Israeli Strikes,Trapped in Gaza’s Void: Palestinians Fight to Survive Ongoing Israeli Strikes,1764167685.0,en,0.0,low,language=en; score=0.00 (low); no explicit harmful keywords,"{""violent"": 0.0, ""hate"": 0.0, ""keyword_density"": 0.0, ""intensifiers"": 0.0, ""threat"": 0.0, ""all_caps"": 0.0}"
1p6s1xk,https://old.reddit.com/r/Palestine/comments/1p6s1xk/gazas_medical_students_graduate_through_war_and/,Palestine,melissamcard,Gaza’s medical students graduate through war and displacement,Gaza’s medical students graduate through war and displacement,1764113317.0,en,0.0,low,language=en; score=0.00 (low); no explicit harmful keywords,"{""violent"": 0.0, ""hate"": 0.0, ""keyword_density"": 0.0, ""intensifiers"": 0.0, ""threat"": 0.0, ""all_caps"": 0.0}"
1p6x5vc,https://old.reddit.com/r/Palestine/comments/1p6x5vc/free_the_filton_24/,Palestine,Constant-Site3776,Free the Filton 24!,Free the Filton 24!,1764127527.0,en,0.0,low,language=en; score=0.00 (low); no explicit harmful keywords,"{""violent"": 0.0, ""hate"": 0.0, ""keyword_density"": 0.0, ""intensifiers"": 0.0, ""threat"": 0.0, ""all_caps"": 0.0}"
1p5udkv,https://old.reddit.com/r/Palestine/comments/1p5udkv/straight_facts/,Palestine,techie_e,Straight facts.,Straight facts.,1764021141.0,en,0.0,low,language=en; score=0.00 (low); no explicit harmful keywords,"{""violent"": 0.0, ""hate"": 0.0, ""keyword_density"": 0.0, ""intensifiers"": 0.0, ""threat"": 0.0, ""all_caps"": 0.0}"
1p6wx6f,https://old.reddit.com/r/Palestine/comments/1p6wx6f/from_cortés_to_netanyahu_the_conquest_never_ends/,Palestine,Constant-Site3776,From Cortés to Netanyahu: The Conquest Never Ends,From Cortés to Netanyahu: The Conquest Never Ends,1764126806.0,en,0.0,low,language=en; score=0.00 (low); no explicit harmful keywords,"{""violent"": 0.0, ""hate"": 0.0, ""keyword_density"": 0.0, ""intensifiers"": 0.0, ""threat"": 0.0, ""all_caps"": 0.0}"
