username,score,label,max_post_score,average_score,count_high_posts,total_posts,explanation
5pooky5cary5keleton5,0.0000,low,0.0000,0.0000,0,0,No historical activity or scored posts found for this user; user_score set to 0.00 (low).
80000gvwr,0.0000,low,0.0000,0.0000,0,0,No historical activity or scored posts found for this user; user_score set to 0.00 (low).
Affectionate-Yam-113,0.0000,low,0.0000,0.0000,0,0,No historical activity or scored posts found for this user; user_score set to 0.00 (low).
AndroidOne1,0.1592,low,0.1592,0.0067,0,34,0 high-risk posts out of 34 items; max_post_score=0.16; user_score=0.16 (low); derived from historical activity only (last window).
Ari321983,0.0000,low,0.0000,0.0000,0,0,No historical activity or scored posts found for this user; user_score set to 0.00 (low).
Ask4MD,0.1268,low,0.1268,0.0038,0,83,0 high-risk posts out of 83 items; max_post_score=0.13; user_score=0.13 (low); derived from historical activity only (last window).
At_Work_Account_Syn,0.0000,low,0.0000,0.0000,0,2,0 high-risk posts out of 2 items; max_post_score=0.00; user_score=0.00 (low); derived from historical activity only (last window).; low-confidence estimate (only 2 items available).
AudibleNod,0.1965,low,0.1965,0.0091,0,100,0 high-risk posts out of 100 items; max_post_score=0.20; user_score=0.20 (low); derived from historical activity only (last window).
AutoModerator,0.0982,low,0.0982,0.0044,0,100,0 high-risk posts out of 100 items; max_post_score=0.10; user_score=0.10 (low); derived from historical activity only (last window).
BlazingFire007,0.0000,low,0.0000,0.0000,0,0,No historical activity or scored posts found for this user; user_score set to 0.00 (low).
Bobbyjackbj,0.0000,low,0.0000,0.0000,0,0,No historical activity or scored posts found for this user; user_score set to 0.00 (low).
Boonzies,0.0000,low,0.0000,0.0000,0,0,No historical activity or scored posts found for this user; user_score set to 0.00 (low).
BrightLights1998,0.0000,low,0.0000,0.0000,0,0,No historical activity or scored posts found for this user; user_score set to 0.00 (low).
CHolland8776,0.0604,low,0.0604,0.0050,0,27,0 high-risk posts out of 27 items; max_post_score=0.06; user_score=0.06 (low); derived from historical activity only (last window).
CerealAndBagel1991,0.2071,low,0.2071,0.0102,0,72,0 high-risk posts out of 72 items; max_post_score=0.21; user_score=0.21 (low); derived from historical activity only (last window).
ChaskaChanhassen,0.2333,low,0.2333,0.0066,0,64,0 high-risk posts out of 64 items; max_post_score=0.23; user_score=0.23 (low); derived from historical activity only (last window).
CheekZestyclose3756,0.0000,low,0.0000,0.0000,0,0,No historical activity or scored posts found for this user; user_score set to 0.00 (low).
CommissionOrganic350,0.1476,low,0.1476,0.0034,0,100,0 high-risk posts out of 100 items; max_post_score=0.15; user_score=0.15 (low); derived from historical activity only (last window).
Constant-Site3776,0.0000,low,0.0000,0.0000,0,0,No historical activity or scored posts found for this user; user_score set to 0.00 (low).
CrowRoutine9631,0.2345,low,0.2345,0.0128,0,100,0 high-risk posts out of 100 items; max_post_score=0.23; user_score=0.23 (low); derived from historical activity only (last window).
Current-Umpire3673,0.0000,low,0.0000,0.0000,0,0,No historical activity or scored posts found for this user; user_score set to 0.00 (low).
DaphDrax,0.2333,low,0.2333,0.0131,0,45,0 high-risk posts out of 45 items; max_post_score=0.23; user_score=0.23 (low); derived from historical activity only (last window).
Disastrous_Award_789,0.0000,low,0.0000,0.0000,0,0,No historical activity or scored posts found for this user; user_score set to 0.00 (low).
DiskoB0,0.0000,low,0.0000,0.0000,0,21,0 high-risk posts out of 21 items; max_post_score=0.00; user_score=0.00 (low); derived from historical activity only (last window).
Donz2432,0.0000,low,0.0000,0.0000,0,0,No historical activity or scored posts found for this user; user_score set to 0.00 (low).
Dr_Neurol,0.1057,low,0.1057,0.0064,0,41,0 high-risk posts out of 41 items; max_post_score=0.11; user_score=0.11 (low); derived from historical activity only (last window).
Dreadsin,0.1495,low,0.1495,0.0149,0,24,0 high-risk posts out of 24 items; max_post_score=0.15; user_score=0.15 (low); derived from historical activity only (last window).
DrexellGames,0.2250,low,0.2250,0.0101,0,100,0 high-risk posts out of 100 items; max_post_score=0.22; user_score=0.22 (low); derived from historical activity only (last window).
DrunkOrDumb,0.0000,low,0.0000,0.0000,0,53,0 high-risk posts out of 53 items; max_post_score=0.00; user_score=0.00 (low); derived from historical activity only (last window).
Elegant-Music2239,0.0000,low,0.0000,0.0000,0,0,No historical activity or scored posts found for this user; user_score set to 0.00 (low).
EssoEssex,0.2500,low,0.2500,0.0087,0,85,0 high-risk posts out of 85 items; max_post_score=0.25; user_score=0.25 (low); derived from historical activity only (last window).
Exact_Approximate,0.1750,low,0.1750,0.0056,0,79,0 high-risk posts out of 79 items; max_post_score=0.17; user_score=0.17 (low); derived from historical activity only (last window).
Finalcial_Smiler,0.0000,low,0.0000,0.0000,0,1,0 high-risk posts out of 1 items; max_post_score=0.00; user_score=0.00 (low); derived from historical activity only (last window).; low-confidence estimate (only 1 items available).
Flashmemory256,0.0000,low,0.0000,0.0000,0,5,0 high-risk posts out of 5 items; max_post_score=0.00; user_score=0.00 (low); derived from historical activity only (last window).
GeneReddit123,0.0333,low,0.0333,0.0083,0,14,0 high-risk posts out of 14 items; max_post_score=0.03; user_score=0.03 (low); derived from historical activity only (last window).
GuyWhoConquers616,0.0000,low,0.0000,0.0000,0,25,0 high-risk posts out of 25 items; max_post_score=0.00; user_score=0.00 (low); derived from historical activity only (last window).
Huge-Particular8953,0.0000,low,0.0000,0.0000,0,0,No historical activity or scored posts found for this user; user_score set to 0.00 (low).
I_may_have_weed,0.0000,low,0.0000,0.0000,0,0,No historical activity or scored posts found for this user; user_score set to 0.00 (low).
Iguesswhateverr,0.0000,low,0.0000,0.0000,0,0,No historical activity or scored posts found for this user; user_score set to 0.00 (low).
Immediate-Link490,0.0000,low,0.0000,0.0000,0,0,No historical activity or scored posts found for this user; user_score set to 0.00 (low).
InsideCharity4824,0.0000,low,0.0000,0.0000,0,0,No historical activity or scored posts found for this user; user_score set to 0.00 (low).
JackThaBongRipper,0.0000,low,0.0000,0.0000,0,0,No historical activity or scored posts found for this user; user_score set to 0.00 (low).
JonJurgenstein,0.0000,low,0.0000,0.0000,0,0,No historical activity or scored posts found for this user; user_score set to 0.00 (low).
KimJongFunk,0.0000,low,0.0000,0.0000,0,0,No historical activity or scored posts found for this user; user_score set to 0.00 (low).
Kodbek,0.0000,low,0.0000,0.0000,0,0,No historical activity or scored posts found for this user; user_score set to 0.00 (low).
Kumquat_conniption,0.0000,low,0.0000,0.0000,0,0,No historical activity or scored posts found for this user; user_score set to 0.00 (low).
Lilyo,0.0000,low,0.0000,0.0000,0,0,No historical activity or scored posts found for this user; user_score set to 0.00 (low).
Lovettadulcet,0.0000,low,0.0000,0.0000,0,0,No historical activity or scored posts found for this user; user_score set to 0.00 (low).
M795,0.0000,low,0.0000,0.0000,0,0,No historical activity or scored posts found for this user; user_score set to 0.00 (low).
McAlpineFusiliers,0.0000,low,0.0000,0.0000,0,0,No historical activity or scored posts found for this user; user_score set to 0.00 (low).
Minosyte,0.0000,low,0.0000,0.0000,0,0,No historical activity or scored posts found for this user; user_score set to 0.00 (low).
Moodfoo,0.0000,low,0.0000,0.0000,0,0,No historical activity or scored posts found for this user; user_score set to 0.00 (low).
NamelessResearcher,0.0000,low,0.0000,0.0000,0,0,No historical activity or scored posts found for this user; user_score set to 0.00 (low).
Netalott,0.0000,low,0.0000,0.0000,0,0,No historical activity or scored posts found for this user; user_score set to 0.00 (low).
Newsweek_CarloV,0.0000,low,0.0000,0.0000,0,0,No historical activity or scored posts found for this user; user_score set to 0.00 (low).
No_Cheetah_8863,0.0000,low,0.0000,0.0000,0,0,No historical activity or scored posts found for this user; user_score set to 0.00 (low).
Not-Somebody-Famous,0.0000,low,0.0000,0.0000,0,0,No historical activity or scored posts found for this user; user_score set to 0.00 (low).
NothingButTruth3,0.0000,low,0.0000,0.0000,0,0,No historical activity or scored posts found for this user; user_score set to 0.00 (low).
Ok-Lingonberry3680,0.0000,low,0.0000,0.0000,0,0,No historical activity or scored posts found for this user; user_score set to 0.00 (low).
Ok_Employer7837,0.0000,low,0.0000,0.0000,0,0,No historical activity or scored posts found for this user; user_score set to 0.00 (low).
OkayButFoRealz,0.0000,low,0.0000,0.0000,0,0,No historical activity or scored posts found for this user; user_score set to 0.00 (low).
One-Pop-2885,0.0000,low,0.0000,0.0000,0,0,No historical activity or scored posts found for this user; user_score set to 0.00 (low).
Particular_Parking_4,0.0000,low,0.0000,0.0000,0,0,No historical activity or scored posts found for this user; user_score set to 0.00 (low).
PatientZero_ASDK,0.0000,low,0.0000,0.0000,0,0,No historical activity or scored posts found for this user; user_score set to 0.00 (low).
PenlessScribe,0.0000,low,0.0000,0.0000,0,0,No historical activity or scored posts found for this user; user_score set to 0.00 (low).
Plainchant,0.0000,low,0.0000,0.0000,0,0,No historical activity or scored posts found for this user; user_score set to 0.00 (low).
Practical_Loss4251,0.0000,low,0.0000,0.0000,0,0,No historical activity or scored posts found for this user; user_score set to 0.00 (low).
Raj_Valiant3011,0.0000,low,0.0000,0.0000,0,0,No historical activity or scored posts found for this user; user_score set to 0.00 (low).
Reasonable_Automobil,0.0000,low,0.0000,0.0000,0,0,No historical activity or scored posts found for this user; user_score set to 0.00 (low).
Relevant-Box5774,0.0000,low,0.0000,0.0000,0,0,No historical activity or scored posts found for this user; user_score set to 0.00 (low).
RepulsiveLoquat418,0.0000,low,0.0000,0.0000,0,0,No historical activity or scored posts found for this user; user_score set to 0.00 (low).
RickyOzzy,0.0000,low,0.0000,0.0000,0,0,No historical activity or scored posts found for this user; user_score set to 0.00 (low).
Routine_Soup2022,0.0000,low,0.0000,0.0000,0,0,No historical activity or scored posts found for this user; user_score set to 0.00 (low).
Sanguine_Spirit,0.0000,low,0.0000,0.0000,0,0,No historical activity or scored posts found for this user; user_score set to 0.00 (low).
Scared_Positive_8690,0.0000,low,0.0000,0.0000,0,0,No historical activity or scored posts found for this user; user_score set to 0.00 (low).
Silly-avocatoe,0.0000,low,0.0000,0.0000,0,0,No historical activity or scored posts found for this user; user_score set to 0.00 (low).
SnakeJG,0.0000,low,0.0000,0.0000,0,0,No historical activity or scored posts found for this user; user_score set to 0.00 (low).
SpottedAlpaca,0.0000,low,0.0000,0.0000,0,0,No historical activity or scored posts found for this user; user_score set to 0.00 (low).
StemCellPirate,0.0000,low,0.0000,0.0000,0,0,No historical activity or scored posts found for this user; user_score set to 0.00 (low).
T_Shurt,0.0000,low,0.0000,0.0000,0,0,No historical activity or scored posts found for this user; user_score set to 0.00 (low).
Ten3Zer0,0.0000,low,0.0000,0.0000,0,0,No historical activity or scored posts found for this user; user_score set to 0.00 (low).
Tennis_bruh,0.0000,low,0.0000,0.0000,0,0,No historical activity or scored posts found for this user; user_score set to 0.00 (low).
TheCrowScare,0.0000,low,0.0000,0.0000,0,0,No historical activity or scored posts found for this user; user_score set to 0.00 (low).
ToothpasteOverdosed,0.0000,low,0.0000,0.0000,0,0,No historical activity or scored posts found for this user; user_score set to 0.00 (low).
UNITED24Media,0.0000,low,0.0000,0.0000,0,0,No historical activity or scored posts found for this user; user_score set to 0.00 (low).
UpgradedSiera6666,0.0000,low,0.0000,0.0000,0,0,No historical activity or scored posts found for this user; user_score set to 0.00 (low).
VectorChing101,0.0000,low,0.0000,0.0000,0,0,No historical activity or scored posts found for this user; user_score set to 0.00 (low).
Weary_Still_2438,0.0000,low,0.0000,0.0000,0,0,No historical activity or scored posts found for this user; user_score set to 0.00 (low).
Wholesome-Energy,0.0000,low,0.0000,0.0000,0,0,No historical activity or scored posts found for this user; user_score set to 0.00 (low).
WorldNewsMods,0.0000,low,0.0000,0.0000,0,0,No historical activity or scored posts found for this user; user_score set to 0.00 (low).
WriterDave,0.0000,low,0.0000,0.0000,0,0,No historical activity or scored posts found for this user; user_score set to 0.00 (low).
Zhukov-74,0.0000,low,0.0000,0.0000,0,0,No historical activity or scored posts found for this user; user_score set to 0.00 (low).
_Deleted_Deleted,0.0000,low,0.0000,0.0000,0,0,No historical activity or scored posts found for this user; user_score set to 0.00 (low).
aktivate74,0.0000,low,0.0000,0.0000,0,0,No historical activity or scored posts found for this user; user_score set to 0.00 (low).
arrogant_ambassador,0.0000,low,0.0000,0.0000,0,0,No historical activity or scored posts found for this user; user_score set to 0.00 (low).
bloomberg,0.0000,low,0.0000,0.0000,0,0,No historical activity or scored posts found for this user; user_score set to 0.00 (low).
captain-price-,0.0000,low,0.0000,0.0000,0,0,No historical activity or scored posts found for this user; user_score set to 0.00 (low).
charliehu1226,0.0000,low,0.0000,0.0000,0,0,No historical activity or scored posts found for this user; user_score set to 0.00 (low).
cnn,0.0000,low,0.0000,0.0000,0,0,No historical activity or scored posts found for this user; user_score set to 0.00 (low).
derek4reals1,0.0000,low,0.0000,0.0000,0,0,No historical activity or scored posts found for this user; user_score set to 0.00 (low).
edbegley1,0.0000,low,0.0000,0.0000,0,0,No historical activity or scored posts found for this user; user_score set to 0.00 (low).
findersface,0.0000,low,0.0000,0.0000,0,0,No historical activity or scored posts found for this user; user_score set to 0.00 (low).
flyingchocolatecake,0.0000,low,0.0000,0.0000,0,0,No historical activity or scored posts found for this user; user_score set to 0.00 (low).
fortune,0.0000,low,0.0000,0.0000,0,0,No historical activity or scored posts found for this user; user_score set to 0.00 (low).
frieddumplings,0.0000,low,0.0000,0.0000,0,0,No historical activity or scored posts found for this user; user_score set to 0.00 (low).
ghostkidrit64,0.0000,low,0.0000,0.0000,0,0,No historical activity or scored posts found for this user; user_score set to 0.00 (low).
guardian,0.0000,low,0.0000,0.0000,0,0,No historical activity or scored posts found for this user; user_score set to 0.00 (low).
igetproteinfartsHELP,0.0000,low,0.0000,0.0000,0,0,No historical activity or scored posts found for this user; user_score set to 0.00 (low).
infinus5,0.0000,low,0.0000,0.0000,0,0,No historical activity or scored posts found for this user; user_score set to 0.00 (low).
izunortie,0.0000,low,0.0000,0.0000,0,0,No historical activity or scored posts found for this user; user_score set to 0.00 (low).
jackytheblade,0.0000,low,0.0000,0.0000,0,0,No historical activity or scored posts found for this user; user_score set to 0.00 (low).
kite13light13,0.0000,low,0.0000,0.0000,0,0,No historical activity or scored posts found for this user; user_score set to 0.00 (low).
koko_baby,0.0000,low,0.0000,0.0000,0,0,No historical activity or scored posts found for this user; user_score set to 0.00 (low).
lavastorm,0.0000,low,0.0000,0.0000,0,0,No historical activity or scored posts found for this user; user_score set to 0.00 (low).
leandros-kaito,0.0000,low,0.0000,0.0000,0,0,No historical activity or scored posts found for this user; user_score set to 0.00 (low).
lfthoia,0.0000,low,0.0000,0.0000,0,0,No historical activity or scored posts found for this user; user_score set to 0.00 (low).
mahfoud202_,0.0000,low,0.0000,0.0000,0,0,No historical activity or scored posts found for this user; user_score set to 0.00 (low).
melissamcard,0.0000,low,0.0000,0.0000,0,0,No historical activity or scored posts found for this user; user_score set to 0.00 (low).
misterxx1958,0.0000,low,0.0000,0.0000,0,0,No historical activity or scored posts found for this user; user_score set to 0.00 (low).
mvanigan,0.0000,low,0.0000,0.0000,0,0,No historical activity or scored posts found for this user; user_score set to 0.00 (low).
mycointelproromance,0.0000,low,0.0000,0.0000,0,0,No historical activity or scored posts found for this user; user_score set to 0.00 (low).
nlzza,0.0000,low,0.0000,0.0000,0,0,No historical activity or scored posts found for this user; user_score set to 0.00 (low).
notagin-n-tonic,0.0000,low,0.0000,0.0000,0,0,No historical activity or scored posts found for this user; user_score set to 0.00 (low).
ohhyouknow,0.0000,low,0.0000,0.0000,0,0,No historical activity or scored posts found for this user; user_score set to 0.00 (low).
psyduchessquack,0.0000,low,0.0000,0.0000,0,0,No historical activity or scored posts found for this user; user_score set to 0.00 (low).
rapidcreek409,0.0000,low,0.0000,0.0000,0,0,No historical activity or scored posts found for this user; user_score set to 0.00 (low).
rektitrolfff,0.0000,low,0.0000,0.0000,0,0,No historical activity or scored posts found for this user; user_score set to 0.00 (low).
rj_yul,0.0000,low,0.0000,0.0000,0,0,No historical activity or scored posts found for this user; user_score set to 0.00 (low).
sedolil,0.0000,low,0.0000,0.0000,0,0,No historical activity or scored posts found for this user; user_score set to 0.00 (low).
sfgate,0.0000,low,0.0000,0.0000,0,0,No historical activity or scored posts found for this user; user_score set to 0.00 (low).
shellfishb,0.0000,low,0.0000,0.0000,0,0,No historical activity or scored posts found for this user; user_score set to 0.00 (low).
southpawFA,0.0000,low,0.0000,0.0000,0,0,No historical activity or scored posts found for this user; user_score set to 0.00 (low).
speedythefirst,0.0000,low,0.0000,0.0000,0,0,No historical activity or scored posts found for this user; user_score set to 0.00 (low).
sufferin_succotashhh,0.0000,low,0.0000,0.0000,0,0,No historical activity or scored posts found for this user; user_score set to 0.00 (low).
techie_e,0.0000,low,0.0000,0.0000,0,0,No historical activity or scored posts found for this user; user_score set to 0.00 (low).
the_white_oak,0.0000,low,0.0000,0.0000,0,0,No historical activity or scored posts found for this user; user_score set to 0.00 (low).
theipaper,0.0000,low,0.0000,0.0000,0,0,No historical activity or scored posts found for this user; user_score set to 0.00 (low).
thimbleberry_song,0.0000,low,0.0000,0.0000,0,0,No historical activity or scored posts found for this user; user_score set to 0.00 (low).
thrway-fatpos,0.0000,low,0.0000,0.0000,0,0,No historical activity or scored posts found for this user; user_score set to 0.00 (low).
tlama1997,0.0000,low,0.0000,0.0000,0,0,No historical activity or scored posts found for this user; user_score set to 0.00 (low).
ultimate_bromance_69,0.0000,low,0.0000,0.0000,0,0,No historical activity or scored posts found for this user; user_score set to 0.00 (low).
unital_subalgebra,0.0000,low,0.0000,0.0000,0,0,No historical activity or scored posts found for this user; user_score set to 0.00 (low).
uselessprofession,0.0000,low,0.0000,0.0000,0,0,No historical activity or scored posts found for this user; user_score set to 0.00 (low).
waldfield,0.0000,low,0.0000,0.0000,0,0,No historical activity or scored posts found for this user; user_score set to 0.00 (low).
williamasmith7233,0.0000,low,0.0000,0.0000,0,0,No historical activity or scored posts found for this user; user_score set to 0.00 (low).
wizardofthefuture,0.1335,low,0.1335,0.0191,0,7,0 high-risk posts out of 7 items; max_post_score=0.13; user_score=0.13 (low); derived from historical activity only (last window).
